DELEVAR,VARINMODEL,nummissvar,modelnum,So_WALK_t1,So_WALK_t2,So_WALK_t3,So_WALK_t4,So_WALK_t5,So_WALK_t6,So_WALK_t7,So_WALK_t8,So_WALK_t9,So_WALK_t10,So_WALK_t11,So_WALK_t12,So_WALK_t13,So_WALK_t14,So_WALK_t15,So_WALK_t16,So_WALK_t17,So_WALK_t18,So_WALK_t19
all except age,age3_lin age3_sp1 age3_sp2,15,0,0.9996570989,0.9988803735,0.9985258113,0.9978289269,0.9972748928,0.9964685006,0.9960224706,0.9952693274,0.9948334507,0.9939594505,0.9936622181,0.9928004666,0.9923589735,0.9916717535,0.9913747273,0.9907024929,0.9905729137,0.9903220492,0.9903220492
,age3_lin age3_sp1 age3_sp2 gender R5EATA R5CANCRE R5DIABE heart1 heart2 R5HIBPE R5MEALSA R5MONEYA H5LVALONE R5LUNGE R5PUSHA R5WALKSA bmi3_lin bmi3_sp1 bmi3_sp2 smoking1 smoking2 stroke1 stroke2,0,1,0.9997353429,0.9991294905,0.9988513238,0.9983010068,0.9978617501,0.9972198625,0.9968639555,0.9962616468,0.995912662,0.9952116207,0.9949731617,0.9942820764,0.9939282638,0.9933778553,0.9931402619,0.9926025145,0.9924989712,0.9922986576,0.9922986576
R5EATA,age3_lin age3_sp1 age3_sp2 gender R5CANCRE R5DIABE heart1 heart2 R5HIBPE R5MEALSA R5MONEYA H5LVALONE R5LUNGE R5PUSHA R5WALKSA bmi3_lin bmi3_sp1 bmi3_sp2 smoking1 smoking2 stroke1 stroke2,1,2,0.9997281,0.9991062427,0.9988207596,0.9982560903,0.9978053388,0.9971467691,0.996781587,0.9961635289,0.9958054241,0.9950861834,0.9948415322,0.9941324809,0.9937694596,0.9932046836,0.9929608748,0.9924090453,0.9923027907,0.992097226,0.992097226
R5CANCRE,age3_lin age3_sp1 age3_sp2 gender R5EATA R5DIABE heart1 heart2 R5HIBPE R5MEALSA R5MONEYA H5LVALONE R5LUNGE R5PUSHA R5WALKSA bmi3_lin bmi3_sp1 bmi3_sp2 smoking1 smoking2 stroke1 stroke2,1,3,0.9997371998,0.9991356444,0.9988594826,0.9983131722,0.9978771152,0.9972398785,0.9968865569,0.9962885542,0.9959420365,0.9952459805,0.9950092267,0.9943230629,0.9939717426,0.9934252016,0.9931892753,0.9926552548,0.9925524177,0.9923534679,0.9923534679
R5DIABE,age3_lin age3_sp1 age3_sp2 gender R5EATA R5CANCRE heart1 heart2 R5HIBPE R5MEALSA R5MONEYA H5LVALONE R5LUNGE R5PUSHA R5WALKSA bmi3_lin bmi3_sp1 bmi3_sp2 smoking1 smoking2 stroke1 stroke2,1,4,0.9997327908,0.9991211156,0.9988402986,0.9982848672,0.9978415897,0.9971939199,0.9968348202,0.9962271052,0.9958750138,0.995167769,0.9949271904,0.9942298962,0.9938728864,0.9933174935,0.9930777054,0.9925348802,0.9924303335,0.9922280615,0.9922280615
heart1 heart2,age3_lin age3_sp1 age3_sp2 gender R5EATA R5CANCRE R5DIABE R5HIBPE R5MEALSA R5MONEYA H5LVALONE R5LUNGE R5PUSHA R5WALKSA bmi3_lin bmi3_sp1 bmi3_sp2 smoking1 smoking2 stroke1 stroke2,1,5,0.9997371528,0.9991353716,0.9988590868,0.9983124526,0.9978761646,0.9972386377,0.9968851561,0.9962869294,0.995940319,0.9952441127,0.9950073055,0.9943210105,0.9939696779,0.9934231452,0.993187237,0.9926533588,0.9925505759,0.9923517485,0.9923517485
R5HIBPE,age3_lin age3_sp1 age3_sp2 gender R5EATA R5CANCRE R5DIABE heart1 heart2 R5MEALSA R5MONEYA H5LVALONE R5LUNGE R5PUSHA R5WALKSA bmi3_lin bmi3_sp1 bmi3_sp2 smoking1 smoking2 stroke1 stroke2,1,6,0.9997369286,0.9991346869,0.9988581766,0.9983111218,0.9978744747,0.99723642,0.9968826338,0.99628393,0.9959370371,0.9952401959,0.9950031564,0.9943161592,0.9939644256,0.9934172393,0.9931810265,0.9926464084,0.9925434674,0.9923443094,0.9923443094
R5MEALSA,age3_lin age3_sp1 age3_sp2 gender R5EATA R5CANCRE R5DIABE heart1 heart2 R5HIBPE R5MONEYA H5LVALONE R5LUNGE R5PUSHA R5WALKSA bmi3_lin bmi3_sp1 bmi3_sp2 smoking1 smoking2 stroke1 stroke2,1,7,0.9997327235,0.9991213372,0.9988407665,0.9982860871,0.9978433886,0.9971961739,0.996837279,0.9962299543,0.9958780632,0.9951711471,0.9949306282,0.9942335373,0.9938766701,0.9933214728,0.9930817854,0.9925392272,0.9924347592,0.992232631,0.992232631
R5MONEYA,age3_lin age3_sp1 age3_sp2 gender R5EATA R5CANCRE R5DIABE heart1 heart2 R5HIBPE R5MEALSA H5LVALONE R5LUNGE R5PUSHA R5WALKSA bmi3_lin bmi3_sp1 bmi3_sp2 smoking1 smoking2 stroke1 stroke2,1,8,0.9997368078,0.9991351515,0.9988590527,0.9983129225,0.9978770461,0.9972402771,0.9968873129,0.9962899475,0.9959438469,0.9952485137,0.9950119977,0.9943265751,0.9939755828,0.9934295445,0.9931938073,0.9926602152,0.9925574445,0.9923586468,0.9923586468
H5LVALONE,age3_lin age3_sp1 age3_sp2 gender R5EATA R5CANCRE R5DIABE heart1 heart2 R5HIBPE R5MEALSA R5MONEYA R5LUNGE R5PUSHA R5WALKSA bmi3_lin bmi3_sp1 bmi3_sp2 smoking1 smoking2 stroke1 stroke2,1,9,0.9997299561,0.9991118034,0.9988279853,0.9982664962,0.9978183344,0.9971634346,0.9968003138,0.9961857891,0.9958297121,0.9951144469,0.9948711488,0.9941660481,0.9938050655,0.993243513,0.9930011164,0.9924524991,0.9923468604,0.9921424987,0.9921424987
R5LUNGE,age3_lin age3_sp1 age3_sp2 gender R5EATA R5CANCRE R5DIABE heart1 heart2 R5HIBPE R5MEALSA R5MONEYA H5LVALONE R5PUSHA R5WALKSA bmi3_lin bmi3_sp1 bmi3_sp2 smoking1 smoking2 stroke1 stroke2,1,10,0.9997653315,0.9992281143,0.9989814285,0.9984934941,0.9981039923,0.9975348514,0.9972193056,0.9966853667,0.9963759773,0.9957546204,0.9955433037,0.9949309608,0.9946174331,0.9941298127,0.993919399,0.9934432856,0.9933516435,0.9931744001,0.9931744001
R5PUSHA,age3_lin age3_sp1 age3_sp2 gender R5EATA R5CANCRE R5DIABE heart1 heart2 R5HIBPE R5MEALSA R5MONEYA H5LVALONE R5LUNGE R5WALKSA bmi3_lin bmi3_sp1 bmi3_sp2 smoking1 smoking2 stroke1 stroke2,1,11,0.999736075,0.9991319604,0.9988546833,0.9983061919,0.9978684773,0.9972289355,0.9968743855,0.9962743836,0.9959267082,0.9952282511,0.9949906662,0.9943021237,0.9939495248,0.9934009517,0.9931641277,0.9926280437,0.992524796,0.9923250429,0.9923250429
R5WALKSA,age3_lin age3_sp1 age3_sp2 gender R5EATA R5CANCRE R5DIABE heart1 heart2 R5HIBPE R5MEALSA R5MONEYA H5LVALONE R5LUNGE R5PUSHA bmi3_lin bmi3_sp1 bmi3_sp2 smoking1 smoking2 stroke1 stroke2,1,12,0.9996887558,0.9989769864,0.9986503785,0.99800473,0.9974900067,0.9967385457,0.9963221975,0.9956180642,0.9952101091,0.9943909721,0.9941122961,0.9933044757,0.9928908799,0.9922472622,0.9919692233,0.991340116,0.9912189557,0.9909844637,0.9909844637
bmi3_lin bmi3_sp1 bmi3_sp2,age3_lin age3_sp1 age3_sp2 gender R5EATA R5CANCRE R5DIABE heart1 heart2 R5HIBPE R5MEALSA R5MONEYA H5LVALONE R5LUNGE R5PUSHA R5WALKSA smoking1 smoking2 stroke1 stroke2,1,13,0.9995696196,0.998584611,0.9981324515,0.9972382471,0.9965246863,0.9954824391,0.9949048097,0.9939277531,0.9933617952,0.9922253956,0.9918389938,0.9907196116,0.9901467926,0.9892559347,0.9888714682,0.9880016243,0.9878341825,0.9875102736,0.9875102736
smoking1 smoking2,age3_lin age3_sp1 age3_sp2 gender R5EATA R5CANCRE R5DIABE heart1 heart2 R5HIBPE R5MEALSA R5MONEYA H5LVALONE R5LUNGE R5PUSHA R5WALKSA bmi3_lin bmi3_sp1 bmi3_sp2 stroke1 stroke2,1,14,0.9997790824,0.9992733172,0.9990411264,0.9985817938,0.9982151711,0.9976794386,0.9973824053,0.996879657,0.9965883193,0.996003024,0.9958039458,0.9952270636,0.9949317225,0.9944723444,0.9942740708,0.9938253726,0.9937390168,0.9935720163,0.9935720163
stroke1 stroke2,age3_lin age3_sp1 age3_sp2 gender R5EATA R5CANCRE R5DIABE heart1 heart2 R5HIBPE R5MEALSA R5MONEYA H5LVALONE R5LUNGE R5PUSHA R5WALKSA bmi3_lin bmi3_sp1 bmi3_sp2 smoking1 smoking2,1,15,0.999746459,0.999166079,0.998899785,0.9983733048,0.9979532191,0.9973394893,0.9969991692,0.9964232871,0.9960895901,0.9954192644,0.9951912689,0.9945303327,0.9941919106,0.9936654547,0.9934381879,0.9929238173,0.9928247434,0.9926330316,0.9926330316
R5EATA stroke1 stroke2,age3_lin age3_sp1 age3_sp2 gender R5CANCRE R5DIABE heart1 heart2 R5HIBPE R5MEALSA R5MONEYA H5LVALONE R5LUNGE R5PUSHA R5WALKSA bmi3_lin bmi3_sp1 bmi3_sp2 smoking1 smoking2,2,16,0.9997381549,0.9991393436,0.9988646268,0.9983215804,0.9978882395,0.9972552694,0.9969042511,0.9963102191,0.9959660163,0.9952747059,0.9950395696,0.994357897,0.9940088503,0.9934658225,0.9932313876,0.9927007768,0.9925985782,0.9924008125,0.9924008125
R5EATA smoking1 smoking2,age3_lin age3_sp1 age3_sp2 gender R5CANCRE R5DIABE heart1 heart2 R5HIBPE R5MEALSA R5MONEYA H5LVALONE R5LUNGE R5PUSHA R5WALKSA bmi3_lin bmi3_sp1 bmi3_sp2 stroke1 stroke2,2,17,0.9997726679,0.9992526909,0.9990139994,0.9985419141,0.9981650789,0.9976145147,0.997309235,0.9967924849,0.9964930382,0.9958915615,0.9956869774,0.9950941232,0.994790596,0.9943184498,0.9941146538,0.9936534456,0.9935646816,0.9933930192,0.9933930192
R5EATA heart1 heart2,age3_lin age3_sp1 age3_sp2 gender R5CANCRE R5DIABE R5HIBPE R5MEALSA R5MONEYA H5LVALONE R5LUNGE R5PUSHA R5WALKSA bmi3_lin bmi3_sp1 bmi3_sp2 smoking1 smoking2 stroke1 stroke2,2,18,0.99972999,0.9991123858,0.9988288665,0.9982680314,0.9978203699,0.9971663347,0.9968036744,0.9961898584,0.99583422,0.9951200059,0.9948770727,0.9941730056,0.9938125658,0.9932518251,0.9930097715,0.9924619741,0.992356513,0.9921525001,0.9921525001
R5EATA bmi3_lin bmi3_sp1 bmi3_sp2,age3_lin age3_sp1 age3_sp2 gender R5CANCRE R5DIABE heart1 heart2 R5HIBPE R5MEALSA R5MONEYA H5LVALONE R5LUNGE R5PUSHA R5WALKSA smoking1 smoking2 stroke1 stroke2,2,19,0.9995761963,0.9986070806,0.9981622539,0.9972826994,0.9965807518,0.9955556037,0.9949873903,0.9940261432,0.9934693376,0.9923514518,0.9919713298,0.9908700736,0.9903064909,0.9894299149,0.9890515847,0.9881955766,0.9880307948,0.9877120204,0.9877120204
R5EATA R5WALKSA,age3_lin age3_sp1 age3_sp2 gender R5CANCRE R5DIABE heart1 heart2 R5HIBPE R5MEALSA R5MONEYA H5LVALONE R5LUNGE R5PUSHA bmi3_lin bmi3_sp1 bmi3_sp2 smoking1 smoking2 stroke1 stroke2,2,20,0.999677218,0.998939862,0.9986015552,0.9979329705,0.9973999215,0.996621853,0.9961907393,0.9954615803,0.9950391293,0.9941910515,0.9939025291,0.9930661353,0.9926378972,0.9919714314,0.9916834962,0.9910319835,0.9909065094,0.9906636571,0.9906636571
R5EATA R5PUSHA,age3_lin age3_sp1 age3_sp2 gender R5CANCRE R5DIABE heart1 heart2 R5HIBPE R5MEALSA R5MONEYA H5LVALONE R5LUNGE R5WALKSA bmi3_lin bmi3_sp1 bmi3_sp2 smoking1 smoking2 stroke1 stroke2,2,21,0.9997280375,0.9991061255,0.9988207167,0.9982562615,0.9978057658,0.9971476684,0.9967828048,0.9961652949,0.9958074802,0.9950887763,0.994844303,0.9941357769,0.9937729276,0.9932083611,0.9929646177,0.9924128516,0.9923065825,0.9921009774,0.9921009774
R5EATA R5MONEYA,age3_lin age3_sp1 age3_sp2 gender R5CANCRE R5DIABE heart1 heart2 R5HIBPE R5MEALSA H5LVALONE R5LUNGE R5PUSHA R5WALKSA bmi3_lin bmi3_sp1 bmi3_sp2 smoking1 smoking2 stroke1 stroke2,2,22,0.9997305181,0.9991151653,0.9988328239,0.9982744786,0.9978288161,0.9971778928,0.9968170583,0.9962063085,0.9958524595,0.9951416867,0.9948999124,0.9941992246,0.9938404015,0.9932821324,0.9930410974,0.9924954945,0.9923904096,0.9921871304,0.9921871304
R5EATA R5MEALSA,age3_lin age3_sp1 age3_sp2 gender R5CANCRE R5DIABE heart1 heart2 R5HIBPE R5MONEYA H5LVALONE R5LUNGE R5PUSHA R5WALKSA bmi3_lin bmi3_sp1 bmi3_sp2 smoking1 smoking2 stroke1 stroke2,2,23,0.9997220689,0.9990871819,0.9987959114,0.9982203386,0.9977609302,0.99708937,0.9967169407,0.9960866511,0.9957214608,0.9949879713,0.994738396,0.9940150152,0.9936446726,0.9930684447,0.9928196534,0.9922564502,0.9921480073,0.9919381732,0.9919381732
R5EATA R5LUNGE,age3_lin age3_sp1 age3_sp2 gender R5CANCRE R5DIABE heart1 heart2 R5HIBPE R5MEALSA R5MONEYA H5LVALONE R5PUSHA R5WALKSA bmi3_lin bmi3_sp1 bmi3_sp2 smoking1 smoking2 stroke1 stroke2,2,24,0.9997602535,0.9992119507,0.9989602061,0.9984623807,0.9980649451,0.9974843083,0.9971623638,0.9966175494,0.9963018595,0.9956679506,0.9954523627,0.9948276204,0.9945077315,0.9940101792,0.9937954676,0.9933096152,0.9932160989,0.9930352255,0.9930352255
R5EATA R5HIBPE,age3_lin age3_sp1 age3_sp2 gender R5CANCRE R5DIABE heart1 heart2 R5MEALSA R5MONEYA H5LVALONE R5LUNGE R5PUSHA R5WALKSA bmi3_lin bmi3_sp1 bmi3_sp2 smoking1 smoking2 stroke1 stroke2,2,25,0.9997296564,0.9991113377,0.998827477,0.9982660016,0.9978178048,0.9971629854,0.996799878,0.9961853473,0.995829289,0.9951141561,0.9948708925,0.994165838,0.9938048493,0.9932432235,0.9930007642,0.9924519936,0.9923463278,0.9921418924,0.9921418924
R5EATA R5DIABE,age3_lin age3_sp1 age3_sp2 gender R5CANCRE heart1 heart2 R5HIBPE R5MEALSA R5MONEYA H5LVALONE R5LUNGE R5PUSHA R5WALKSA bmi3_lin bmi3_sp1 bmi3_sp2 smoking1 smoking2 stroke1 stroke2,2,26,0.9997252654,0.9990969575,0.9988085422,0.9982382091,0.9977830053,0.9971180371,0.9967493212,0.9961252754,0.9957637306,0.9950376151,0.9947906157,0.9940746895,0.993708129,0.9931378351,0.9928915984,0.9923341562,0.9922267939,0.9920190675,0.9920190675
R5EATA R5CANCRE,age3_lin age3_sp1 age3_sp2 gender R5DIABE heart1 heart2 R5HIBPE R5MEALSA R5MONEYA H5LVALONE R5LUNGE R5PUSHA R5WALKSA bmi3_lin bmi3_sp1 bmi3_sp2 smoking1 smoking2 stroke1 stroke2,2,27,0.9997299533,0.9991123651,0.9988288704,0.9982681677,0.9978205847,0.9971666202,0.9968039972,0.9961902051,0.9958345458,0.9951202456,0.9948772843,0.9941731117,0.9938125624,0.9932516235,0.9930094693,0.9924613409,0.9923557881,0.9921515788,0.9921515788
R5EATA H5LVALONE,age3_lin age3_sp1 age3_sp2 gender R5CANCRE R5DIABE heart1 heart2 R5HIBPE R5MEALSA R5MONEYA R5LUNGE R5PUSHA R5WALKSA bmi3_lin bmi3_sp1 bmi3_sp2 smoking1 smoking2 stroke1 stroke2,2,28,0.999721683,0.9990851911,0.9987929862,0.9982150323,0.9977536912,0.9970796532,0.9967058964,0.9960733179,0.9957067842,0.9949706419,0.9947202404,0.9939945344,0.993622993,0.9930449735,0.992795456,0.9922307071,0.9921219623,0.9919115862,0.9919115862
R5CANCRE stroke1 stroke2,age3_lin age3_sp1 age3_sp2 gender R5EATA R5DIABE heart1 heart2 R5HIBPE R5MEALSA R5MONEYA H5LVALONE R5LUNGE R5PUSHA R5WALKSA bmi3_lin bmi3_sp1 bmi3_sp2 smoking1 smoking2,2,29,0.9997482935,0.9991721541,0.9989078369,0.9983853054,0.9979683706,0.9973592234,0.997021451,0.9964498135,0.9961185484,0.9954531365,0.9952268224,0.9945707411,0.994234779,0.993712139,0.9934865161,0.9929758207,0.9928774435,0.9926870776,0.9926870776
R5CANCRE smoking1 smoking2,age3_lin age3_sp1 age3_sp2 gender R5EATA R5DIABE heart1 heart2 R5HIBPE R5MEALSA R5MONEYA H5LVALONE R5LUNGE R5PUSHA R5WALKSA bmi3_lin bmi3_sp1 bmi3_sp2 stroke1 stroke2,2,30,0.9997809306,0.9992794328,0.9990492275,0.9985938544,0.9982303926,0.9976992583,0.9974047799,0.9969062983,0.9966174105,0.9960370621,0.995839675,0.9952676757,0.9949748112,0.994519277,0.9943226606,0.9938776735,0.9937920219,0.9936263813,0.9936263813
R5CANCRE heart1 heart2,age3_lin age3_sp1 age3_sp2 gender R5EATA R5DIABE R5HIBPE R5MEALSA R5MONEYA H5LVALONE R5LUNGE R5PUSHA R5WALKSA bmi3_lin bmi3_sp1 bmi3_sp2 smoking1 smoking2 stroke1 stroke2,2,31,0.9997391344,0.9991419371,0.9988677895,0.9983254239,0.9978925441,0.9972599738,0.9969092456,0.9963156105,0.995971633,0.9952807414,0.99504575,0.9943646974,0.9940160209,0.9934736106,0.993239479,0.9927095747,0.9926075452,0.9924101721,0.9924101721
R5CANCRE bmi3_lin bmi3_sp1 bmi3_sp2,age3_lin age3_sp1 age3_sp2 gender R5EATA R5DIABE heart1 heart2 R5HIBPE R5MEALSA R5MONEYA H5LVALONE R5LUNGE R5PUSHA R5WALKSA smoking1 smoking2 stroke1 stroke2,2,32,0.9995740855,0.9985993699,0.9981519848,0.9972672811,0.9965612997,0.995530081,0.9949585723,0.9939917558,0.9934316831,0.9923071433,0.9919247876,0.9908170897,0.9902502036,0.9893685545,0.9889880567,0.9881271147,0.9879613671,0.9876407308,0.9876407308
R5CANCRE R5WALKSA,age3_lin age3_sp1 age3_sp2 gender R5EATA R5DIABE heart1 heart2 R5HIBPE R5MEALSA R5MONEYA H5LVALONE R5LUNGE R5PUSHA bmi3_lin bmi3_sp1 bmi3_sp2 smoking1 smoking2 stroke1 stroke2,2,33,0.9996903995,0.9989824508,0.9986576379,0.9980155899,0.9975037464,0.9967564586,0.9963424293,0.9956421285,0.9952363599,0.9944216619,0.9941445107,0.9933410946,0.9929297213,0.9922895496,0.9920129957,0.99138719,0.9912666507,0.9910333553,0.9910333553
R5CANCRE R5PUSHA,age3_lin age3_sp1 age3_sp2 gender R5EATA R5DIABE heart1 heart2 R5HIBPE R5MEALSA R5MONEYA H5LVALONE R5LUNGE R5WALKSA bmi3_lin bmi3_sp1 bmi3_sp2 smoking1 smoking2 stroke1 stroke2,2,34,0.9997379528,0.9991381817,0.9988629294,0.9983184824,0.9978839967,0.9972491466,0.9968972038,0.9963015446,0.9959563574,0.9952629283,0.9950270629,0.9943434824,0.9939933966,0.9934487233,0.9932135799,0.9926812527,0.9925787171,0.9923803394,0.9923803394
R5CANCRE R5MONEYA,age3_lin age3_sp1 age3_sp2 gender R5EATA R5DIABE heart1 heart2 R5HIBPE R5MEALSA H5LVALONE R5LUNGE R5PUSHA R5WALKSA bmi3_lin bmi3_sp1 bmi3_sp2 smoking1 smoking2 stroke1 stroke2,2,35,0.9997383438,0.9991402575,0.9988658324,0.9983230573,0.9978898646,0.9972569905,0.9969061901,0.9963124151,0.9959683677,0.9952771929,0.9950421012,0.9943607855,0.9940118678,0.9934690487,0.9932346991,0.9927042005,0.9926020137,0.9924043434,0.9924043434
R5CANCRE R5MEALSA,age3_lin age3_sp1 age3_sp2 gender R5EATA R5DIABE heart1 heart2 R5HIBPE R5MONEYA H5LVALONE R5LUNGE R5PUSHA R5WALKSA bmi3_lin bmi3_sp1 bmi3_sp2 smoking1 smoking2 stroke1 stroke2,2,36,0.9997346538,0.9991277303,0.9988492393,0.9982987093,0.9978593252,0.9972169328,0.9968607198,0.9962578646,0.9959085346,0.9952067899,0.9949680397,0.9942760554,0.9939217744,0.9933705909,0.993132634,0.9925939466,0.9924902122,0.9922895007,0.9922895007
R5CANCRE R5LUNGE,age3_lin age3_sp1 age3_sp2 gender R5EATA R5DIABE heart1 heart2 R5HIBPE R5MEALSA R5MONEYA H5LVALONE R5PUSHA R5WALKSA bmi3_lin bmi3_sp1 bmi3_sp2 smoking1 smoking2 stroke1 stroke2,2,37,0.9997672992,0.9992346259,0.9989900541,0.9985063375,0.9981202075,0.9975559695,0.9972431471,0.9967137588,0.9964069807,0.9957908936,0.9955813779,0.9949742355,0.9946633461,0.9941798207,0.9939711718,0.9934990108,0.9934081193,0.9932323255,0.9932323255
R5CANCRE R5HIBPE,age3_lin age3_sp1 age3_sp2 gender R5EATA R5DIABE heart1 heart2 R5MEALSA R5MONEYA H5LVALONE R5LUNGE R5PUSHA R5WALKSA bmi3_lin bmi3_sp1 bmi3_sp2 smoking1 smoking2 stroke1 stroke2,2,38,0.9997387254,0.999140644,0.9988660754,0.9983229021,0.9978893543,0.9972558025,0.9969045195,0.9963099824,0.9959654758,0.9952734565,0.9950380667,0.9943558324,0.9940065113,0.9934630691,0.9932284707,0.9926974604,0.992595203,0.9923973656,0.9923973656
R5CANCRE R5DIABE,age3_lin age3_sp1 age3_sp2 gender R5EATA heart1 heart2 R5HIBPE R5MEALSA R5MONEYA H5LVALONE R5LUNGE R5PUSHA R5WALKSA bmi3_lin bmi3_sp1 bmi3_sp2 smoking1 smoking2 stroke1 stroke2,2,39,0.9997347733,0.9991276843,0.9988490062,0.9982978464,0.9978579784,0.9972152657,0.9968589219,0.9962558002,0.9959063414,0.9952044156,0.9949656561,0.9942736127,0.9939192626,0.9933679985,0.9931299903,0.9925911467,0.9924873551,0.9922865417,0.9922865417
R5CANCRE H5LVALONE,age3_lin age3_sp1 age3_sp2 gender R5EATA R5DIABE heart1 heart2 R5HIBPE R5MEALSA R5MONEYA R5LUNGE R5PUSHA R5WALKSA bmi3_lin bmi3_sp1 bmi3_sp2 smoking1 smoking2 stroke1 stroke2,2,40,0.9997319535,0.9991184204,0.9988367561,0.9982795676,0.9978348397,0.997184932,0.9968245857,0.9962146863,0.9958612609,0.9951513516,0.9949098849,0.9942100709,0.9938517668,0.9932943709,0.9930537659,0.9925091563,0.9924042778,0.9922013838,0.9922013838
R5DIABE stroke1 stroke2,age3_lin age3_sp1 age3_sp2 gender R5EATA R5CANCRE heart1 heart2 R5HIBPE R5MEALSA R5MONEYA H5LVALONE R5LUNGE R5PUSHA R5WALKSA bmi3_lin bmi3_sp1 bmi3_sp2 smoking1 smoking2,2,41,0.9997447944,0.9991606213,0.9988926093,0.99836284,0.9979401818,0.9973227856,0.9969804449,0.99640114,0.9960654807,0.9953912525,0.9951619204,0.9944970409,0.9941565813,0.9936269443,0.9933982634,0.9928805845,0.992780849,0.9925878408,0.9925878408
R5DIABE smoking1 smoking2,age3_lin age3_sp1 age3_sp2 gender R5EATA R5CANCRE heart1 heart2 R5HIBPE R5MEALSA R5MONEYA H5LVALONE R5LUNGE R5PUSHA R5WALKSA bmi3_lin bmi3_sp1 bmi3_sp2 stroke1 stroke2,2,42,0.9997769166,0.9992662117,0.9990317736,0.9985681082,0.9981980817,0.9976574529,0.9973577161,0.9968503846,0.9965564121,0.9959658569,0.9957649821,0.9951828391,0.9948847893,0.9944211903,0.994221059,0.9937680656,0.9936808619,0.9935122082,0.9935122082
R5DIABE heart1 heart2,age3_lin age3_sp1 age3_sp2 gender R5EATA R5CANCRE R5HIBPE R5MEALSA R5MONEYA H5LVALONE R5LUNGE R5PUSHA R5WALKSA bmi3_lin bmi3_sp1 bmi3_sp2 smoking1 smoking2 stroke1 stroke2,2,43,0.9997349313,0.9991280918,0.9988495076,0.9982984531,0.9978586938,0.997216183,0.9968599478,0.996257059,0.9959077702,0.9952062117,0.9949675734,0.9942759061,0.993921803,0.9933709483,0.9931331323,0.9925948257,0.9924911641,0.9922906186,0.9922906186
R5DIABE bmi3_lin bmi3_sp1 bmi3_sp2,age3_lin age3_sp1 age3_sp2 gender R5EATA R5CANCRE heart1 heart2 R5HIBPE R5MEALSA R5MONEYA H5LVALONE R5LUNGE R5PUSHA R5WALKSA smoking1 smoking2 stroke1 stroke2,2,44,0.9995515526,0.9985252445,0.9980541683,0.9971228072,0.9963797148,0.99529455,0.9946931821,0.993676026,0.9930869043,0.9919041049,0.9915019198,0.9903367515,0.9897404962,0.9888132026,0.9884129446,0.9875072115,0.9873328182,0.9869954302,0.9869954302
R5DIABE R5WALKSA,age3_lin age3_sp1 age3_sp2 gender R5EATA R5CANCRE heart1 heart2 R5HIBPE R5MEALSA R5MONEYA H5LVALONE R5LUNGE R5PUSHA bmi3_lin bmi3_sp1 bmi3_sp2 smoking1 smoking2 stroke1 stroke2,2,45,0.9996843834,0.9989626733,0.998631544,0.997977162,0.9974555875,0.9966942816,0.9962725005,0.9955591905,0.9951459606,0.9943163025,0.9940340316,0.9932156831,0.9927966697,0.9921446105,0.9918628618,0.9912252157,0.9911023719,0.9908645955,0.9908645955
R5DIABE R5PUSHA,age3_lin age3_sp1 age3_sp2 gender R5EATA R5CANCRE heart1 heart2 R5HIBPE R5MEALSA R5MONEYA H5LVALONE R5LUNGE R5WALKSA bmi3_lin bmi3_sp1 bmi3_sp2 smoking1 smoking2 stroke1 stroke2,2,46,0.9997334869,0.9991234731,0.9988435147,0.9982898524,0.9978480778,0.9972027068,0.9968449405,0.9962394956,0.9958886908,0.9951839857,0.9949442664,0.9942494743,0.9938936548,0.9933400589,0.9931010221,0.992559814,0.9924555526,0.9922538198,0.9922538198
R5DIABE R5MONEYA,age3_lin age3_sp1 age3_sp2 gender R5EATA R5CANCRE heart1 heart2 R5HIBPE R5MEALSA H5LVALONE R5LUNGE R5PUSHA R5WALKSA bmi3_lin bmi3_sp1 bmi3_sp2 smoking1 smoking2 stroke1 stroke2,2,47,0.9997350825,0.9991295076,0.9988516351,0.998302126,0.9978636179,0.9972230905,0.9968680568,0.996267182,0.9959190734,0.9952197371,0.9949818488,0.9942923777,0.9939392914,0.9933899765,0.99315278,0.9926157704,0.9925123146,0.9923121733,0.9923121733
R5DIABE R5MEALSA,age3_lin age3_sp1 age3_sp2 gender R5EATA R5CANCRE heart1 heart2 R5HIBPE R5MONEYA H5LVALONE R5LUNGE R5PUSHA R5WALKSA bmi3_lin bmi3_sp1 bmi3_sp2 smoking1 smoking2 stroke1 stroke2,2,48,0.9997301187,0.9991127856,0.9988295061,0.9982695879,0.9978227627,0.9971696112,0.9968074376,0.9961945631,0.9958394831,0.9951261961,0.9948835007,0.9941800407,0.9938198963,0.9932595935,0.9930176579,0.9924699002,0.9923644058,0.9921602749,0.9921602749
R5DIABE R5LUNGE,age3_lin age3_sp1 age3_sp2 gender R5EATA R5CANCRE heart1 heart2 R5HIBPE R5MEALSA R5MONEYA H5LVALONE R5PUSHA R5WALKSA bmi3_lin bmi3_sp1 bmi3_sp2 smoking1 smoking2 stroke1 stroke2,2,49,0.9997630606,0.9992206745,0.9989716386,0.9984791758,0.998086114,0.9975118687,0.9971935056,0.9966547979,0.9963426668,0.9957158411,0.9955026564,0.9948848415,0.9945684938,0.9940764802,0.993864132,0.9933835392,0.9932910114,0.9931120399,0.9931120399
R5DIABE R5HIBPE,age3_lin age3_sp1 age3_sp2 gender R5EATA R5CANCRE heart1 heart2 R5MEALSA R5MONEYA H5LVALONE R5LUNGE R5PUSHA R5WALKSA bmi3_lin bmi3_sp1 bmi3_sp2 smoking1 smoking2 stroke1 stroke2,2,50,0.9997353296,0.9991294366,0.9988512732,0.9983010742,0.9978619833,0.9972204631,0.9968647673,0.9962628367,0.9959141024,0.9952135989,0.9949752995,0.9942845699,0.9939308997,0.9933806849,0.9931431148,0.9926053132,0.9925017326,0.9923013149,0.9923013149
R5DIABE H5LVALONE,age3_lin age3_sp1 age3_sp2 gender R5EATA R5CANCRE heart1 heart2 R5HIBPE R5MEALSA R5MONEYA R5LUNGE R5PUSHA R5WALKSA bmi3_lin bmi3_sp1 bmi3_sp2 smoking1 smoking2 stroke1 stroke2,2,51,0.9997273993,0.999103413,0.9988169403,0.99825033,0.9977981434,0.9971374578,0.9967711426,0.9961512092,0.9957920248,0.9950705549,0.9948251362,0.9941138223,0.9937496395,0.9931830976,0.9929385031,0.9923847986,0.9922781542,0.9920718291,0.9920718291
heart1 heart2 stroke1 stroke2,age3_lin age3_sp1 age3_sp2 gender R5EATA R5CANCRE R5DIABE R5HIBPE R5MEALSA R5MONEYA H5LVALONE R5LUNGE R5PUSHA R5WALKSA bmi3_lin bmi3_sp1 bmi3_sp2 smoking1 smoking2,2,52,0.9997481044,0.999171428,0.9989068443,0.9983837147,0.9979663238,0.9973565551,0.9970184366,0.9964462581,0.9961147158,0.9954487665,0.9952222621,0.9945656468,0.9942294585,0.9937064946,0.9934807441,0.9929698482,0.9928714548,0.9926810702,0.9926810702
heart1 heart2 smoking1 smoking2,age3_lin age3_sp1 age3_sp2 gender R5EATA R5CANCRE R5DIABE R5HIBPE R5MEALSA R5MONEYA H5LVALONE R5LUNGE R5PUSHA R5WALKSA bmi3_lin bmi3_sp1 bmi3_sp2 stroke1 stroke2,2,53,0.999779971,0.9992761884,0.9990449187,0.9985873783,0.9982222081,0.9976886167,0.9973927757,0.9968920286,0.9966018577,0.9960189554,0.9958206961,0.9952461859,0.9949520805,0.9944946365,0.9942972063,0.9938504577,0.9937644878,0.9935982435,0.9935982435
heart1 heart2 bmi3_lin bmi3_sp1 bmi3_sp2,age3_lin age3_sp1 age3_sp2 gender R5EATA R5CANCRE R5DIABE R5HIBPE R5MEALSA R5MONEYA H5LVALONE R5LUNGE R5PUSHA R5WALKSA smoking1 smoking2 stroke1 stroke2,2,54,0.9995691828,0.9985830576,0.9981304084,0.997235172,0.9965208414,0.9954775108,0.9948992973,0.9939212209,0.9933546894,0.9922172555,0.9918305166,0.9907101717,0.9901369098,0.989245396,0.988860668,0.9879903279,0.9878228172,0.9874988015,0.9874988015
heart1 heart2 R5WALKSA,age3_lin age3_sp1 age3_sp2 gender R5EATA R5CANCRE R5DIABE R5HIBPE R5MEALSA R5MONEYA H5LVALONE R5LUNGE R5PUSHA bmi3_lin bmi3_sp1 bmi3_sp2 smoking1 smoking2 stroke1 stroke2,2,55,0.9996927802,0.9989901651,0.9986677754,0.9980304545,0.9975223823,0.9967806596,0.9963697004,0.9956746548,0.9952719705,0.9944634302,0.9941883533,0.9933909388,0.9929826782,0.9923473708,0.9920729247,0.9914519669,0.9913323809,0.9911009377,0.9911009377
heart1 heart2 R5PUSHA,age3_lin age3_sp1 age3_sp2 gender R5EATA R5CANCRE R5DIABE R5HIBPE R5MEALSA R5MONEYA H5LVALONE R5LUNGE R5WALKSA bmi3_lin bmi3_sp1 bmi3_sp2 smoking1 smoking2 stroke1 stroke2,2,56,0.9997382081,0.9991389129,0.9988638576,0.9983197258,0.9978855115,0.9972511041,0.9968994037,0.9963042013,0.9959593148,0.9952665138,0.9950308569,0.9943479001,0.9939981877,0.9934541209,0.9932192528,0.9926876449,0.9925852726,0.9923872249,0.9923872249
heart1 heart2 R5MONEYA,age3_lin age3_sp1 age3_sp2 gender R5EATA R5CANCRE R5DIABE R5HIBPE R5MEALSA H5LVALONE R5LUNGE R5PUSHA R5WALKSA bmi3_lin bmi3_sp1 bmi3_sp2 smoking1 smoking2 stroke1 stroke2,2,57,0.9997384678,0.9991405351,0.9988661561,0.9983233951,0.9978902352,0.9972574521,0.9969067049,0.9963130719,0.9959691402,0.9952782313,0.9950432296,0.9943622011,0.9940134867,0.9934710097,0.9932368224,0.9927067932,0.9926047246,0.9924073002,0.9924073002
heart1 heart2 R5MEALSA,age3_lin age3_sp1 age3_sp2 gender R5EATA R5CANCRE R5DIABE R5HIBPE R5MONEYA H5LVALONE R5LUNGE R5PUSHA R5WALKSA bmi3_lin bmi3_sp1 bmi3_sp2 smoking1 smoking2 stroke1 stroke2,2,58,0.9997336572,0.9991243435,0.9988447341,0.9982919101,0.9978507204,0.997205738,0.9968480899,0.9962428533,0.9958921818,0.9951877824,0.9949481282,0.9942535501,0.9938979967,0.9933448617,0.9931060777,0.9925656203,0.9924615721,0.9922602723,0.9922602723
heart1 heart2 R5LUNGE,age3_lin age3_sp1 age3_sp2 gender R5EATA R5CANCRE R5DIABE R5HIBPE R5MEALSA R5MONEYA H5LVALONE R5PUSHA R5WALKSA bmi3_lin bmi3_sp1 bmi3_sp2 smoking1 smoking2 stroke1 stroke2,2,59,0.9997697371,0.9992425196,0.9990004401,0.9985215781,0.998139348,0.9975808713,0.9972712508,0.996747318,0.9964437322,0.9958341189,0.9956268061,0.9950260717,0.9947185158,0.9942402128,0.9940338388,0.9935669382,0.9934770893,0.9933033342,0.9933033342
heart1 heart2 R5HIBPE,age3_lin age3_sp1 age3_sp2 gender R5EATA R5CANCRE R5DIABE R5MEALSA R5MONEYA H5LVALONE R5LUNGE R5PUSHA R5WALKSA bmi3_lin bmi3_sp1 bmi3_sp2 smoking1 smoking2 stroke1 stroke2,2,60,0.9997385615,0.9991399914,0.9988651801,0.9983214502,0.997887484,0.9972533661,0.9969017706,0.9963067488,0.9959619977,0.9952695219,0.9950339756,0.9943513124,0.9940018265,0.9934581559,0.993223474,0.9926923727,0.9925901237,0.9923923204,0.9923923204
heart1 heart2 H5LVALONE,age3_lin age3_sp1 age3_sp2 gender R5EATA R5CANCRE R5DIABE R5HIBPE R5MEALSA R5MONEYA R5LUNGE R5PUSHA R5WALKSA bmi3_lin bmi3_sp1 bmi3_sp2 smoking1 smoking2 stroke1 stroke2,2,61,0.9997314265,0.9991165687,0.9988342769,0.9982757665,0.9978300136,0.9971786578,0.9968175103,0.9962063021,0.9958521554,0.995140837,0.9948988887,0.9941977039,0.9938387549,0.9932803853,0.9930393759,0.992493955,0.9923889476,0.9921858229,0.9921858229
R5HIBPE stroke1 stroke2,age3_lin age3_sp1 age3_sp2 gender R5EATA R5CANCRE R5DIABE heart1 heart2 R5MEALSA R5MONEYA H5LVALONE R5LUNGE R5PUSHA R5WALKSA bmi3_lin bmi3_sp1 bmi3_sp2 smoking1 smoking2,2,62,0.9997491461,0.9991748886,0.9989114031,0.998390461,0.9979748041,0.9973675757,0.997030853,0.9964610803,0.9961309281,0.9954677205,0.995242133,0.9945881373,0.9942532479,0.9937322704,0.993507353,0.992998307,0.992900258,0.9927105148,0.9927105148
R5HIBPE smoking1 smoking2,age3_lin age3_sp1 age3_sp2 gender R5EATA R5CANCRE R5DIABE heart1 heart2 R5MEALSA R5MONEYA H5LVALONE R5LUNGE R5PUSHA R5WALKSA bmi3_lin bmi3_sp1 bmi3_sp2 stroke1 stroke2,2,63,0.999780539,0.9992780919,0.9990474236,0.9985910894,0.998226865,0.9976946554,0.9973995718,0.9969001377,0.9966107233,0.9960292904,0.995831518,0.9952583972,0.9949649691,0.9945085567,0.994311554,0.9938657367,0.9937799354,0.9936139993,0.9936139993
R5HIBPE bmi3_lin bmi3_sp1 bmi3_sp2,age3_lin age3_sp1 age3_sp2 gender R5EATA R5CANCRE R5DIABE heart1 heart2 R5MEALSA R5MONEYA H5LVALONE R5LUNGE R5PUSHA R5WALKSA smoking1 smoking2 stroke1 stroke2,2,64,0.9995633077,0.9985638196,0.998105014,0.9971976528,0.9964736183,0.9954161467,0.9948300828,0.993838816,0.9932646434,0.992111768,0.9917197512,0.9905840728,0.9900028979,0.9890990328,0.9887089362,0.9878263816,0.9876564943,0.9873278341,0.9873278341
R5HIBPE R5WALKSA,age3_lin age3_sp1 age3_sp2 gender R5EATA R5CANCRE R5DIABE heart1 heart2 R5MEALSA R5MONEYA H5LVALONE R5LUNGE R5PUSHA bmi3_lin bmi3_sp1 bmi3_sp2 smoking1 smoking2 stroke1 stroke2,2,65,0.9996902862,0.9989819911,0.9986569777,0.998014454,0.9975022336,0.9967544692,0.9963401641,0.9956395202,0.9952335932,0.9944185341,0.9941412304,0.9933373363,0.9929257233,0.9922851664,0.9920084291,0.9913822733,0.9912616813,0.9910282713,0.9910282713
R5HIBPE R5PUSHA,age3_lin age3_sp1 age3_sp2 gender R5EATA R5CANCRE R5DIABE heart1 heart2 R5MEALSA R5MONEYA H5LVALONE R5LUNGE R5WALKSA bmi3_lin bmi3_sp1 bmi3_sp2 smoking1 smoking2 stroke1 stroke2,2,66,0.9997379775,0.9991381946,0.9988629052,0.9983183287,0.9978837464,0.9972488063,0.9968968034,0.9963011313,0.9959559685,0.9952625563,0.9950266767,0.9943430467,0.9939929458,0.9934482441,0.9932130789,0.9926807535,0.992578229,0.9923798637,0.9923798637
R5HIBPE R5MONEYA,age3_lin age3_sp1 age3_sp2 gender R5EATA R5CANCRE R5DIABE heart1 heart2 R5MEALSA H5LVALONE R5LUNGE R5PUSHA R5WALKSA bmi3_lin bmi3_sp1 bmi3_sp2 smoking1 smoking2 stroke1 stroke2,2,67,0.9997384468,0.9991405186,0.9988661292,0.9983233674,0.9978901856,0.9972573749,0.9969066014,0.9963129589,0.9959690174,0.9952780198,0.9950429692,0.9943617663,0.9940129196,0.9934702071,0.9932358947,0.9927055331,0.9926033844,0.99240578,0.99240578
R5HIBPE R5MEALSA,age3_lin age3_sp1 age3_sp2 gender R5EATA R5CANCRE R5DIABE heart1 heart2 R5MONEYA H5LVALONE R5LUNGE R5PUSHA R5WALKSA bmi3_lin bmi3_sp1 bmi3_sp2 smoking1 smoking2 stroke1 stroke2,2,68,0.9997342949,0.999126485,0.9988475544,0.9982961032,0.9978559862,0.9972125645,0.9968557689,0.9962520128,0.9959021926,0.995199435,0.9949603226,0.9942672836,0.9939124777,0.993360476,0.9931221585,0.9925827058,0.9924788354,0.9922778543,0.9922778543
R5HIBPE R5LUNGE,age3_lin age3_sp1 age3_sp2 gender R5EATA R5CANCRE R5DIABE heart1 heart2 R5MEALSA R5MONEYA H5LVALONE R5PUSHA R5WALKSA bmi3_lin bmi3_sp1 bmi3_sp2 smoking1 smoking2 stroke1 stroke2,2,69,0.9997666498,0.9992324323,0.9989871231,0.9985018986,0.9981145659,0.9975486142,0.9972348334,0.9967038973,0.9963962512,0.9957783937,0.9955682583,0.9949593152,0.994647515,0.9941625703,0.9939533017,0.993479784,0.9933886413,0.9932123549,0.9932123549
R5HIBPE H5LVALONE,age3_lin age3_sp1 age3_sp2 gender R5EATA R5CANCRE R5DIABE heart1 heart2 R5MEALSA R5MONEYA R5LUNGE R5PUSHA R5WALKSA bmi3_lin bmi3_sp1 bmi3_sp2 smoking1 smoking2 stroke1 stroke2,2,70,0.9997315536,0.9991170381,0.9988348886,0.9982766853,0.9978311523,0.997180114,0.9968191298,0.9962082376,0.9958542685,0.9951432353,0.9949013672,0.9942003843,0.9938414954,0.9932831878,0.9930421812,0.9924967143,0.9923916819,0.9921884832,0.9921884832
R5MEALSA stroke1 stroke2,age3_lin age3_sp1 age3_sp2 gender R5EATA R5CANCRE R5DIABE heart1 heart2 R5HIBPE R5MONEYA H5LVALONE R5LUNGE R5PUSHA R5WALKSA bmi3_lin bmi3_sp1 bmi3_sp2 smoking1 smoking2,2,71,0.9997434438,0.9991566256,0.9988875162,0.9983558933,0.9979317625,0.9973118491,0.9969680619,0.9963863588,0.9960492993,0.9953721868,0.995141822,0.9944739732,0.9941320376,0.9936000814,0.9933704141,0.9928505385,0.9927504067,0.9925566208,0.9925566208
R5MEALSA smoking1 smoking2,age3_lin age3_sp1 age3_sp2 gender R5EATA R5CANCRE R5DIABE heart1 heart2 R5HIBPE R5MONEYA H5LVALONE R5LUNGE R5PUSHA R5WALKSA bmi3_lin bmi3_sp1 bmi3_sp2 stroke1 stroke2,2,72,0.9997784237,0.9992715314,0.9990389368,0.9985791319,0.9982121632,0.9976756738,0.9973781906,0.9968747136,0.9965829503,0.9959967694,0.9957973376,0.9952194,0.9949235345,0.9944633088,0.9942646468,0.9938150097,0.9937284746,0.9935611071,0.9935611071
R5MEALSA bmi3_lin bmi3_sp1 bmi3_sp2,age3_lin age3_sp1 age3_sp2 gender R5EATA R5CANCRE R5DIABE heart1 heart2 R5HIBPE R5MONEYA H5LVALONE R5LUNGE R5PUSHA R5WALKSA smoking1 smoking2 stroke1 stroke2,2,73,0.9995705675,0.998588472,0.9981378661,0.9972473482,0.9965367939,0.9954984492,0.9949229232,0.9939494757,0.9933856068,0.9922533267,0.9918682245,0.9907525404,0.9901816356,0.9892936908,0.9889104384,0.9880432216,0.987876286,0.9875533156,0.9875533156
R5MEALSA R5WALKSA,age3_lin age3_sp1 age3_sp2 gender R5EATA R5CANCRE R5DIABE heart1 heart2 R5HIBPE R5MONEYA H5LVALONE R5LUNGE R5PUSHA bmi3_lin bmi3_sp1 bmi3_sp2 smoking1 smoking2 stroke1 stroke2,2,74,0.9996817619,0.9989547422,0.9986213761,0.9979629733,0.9974381865,0.996671667,0.9962469351,0.9955286999,0.9951125725,0.9942769969,0.993992631,0.9931682493,0.9927462082,0.9920893743,0.991805577,0.9911633521,0.9910396674,0.9908002473,0.9908002473
R5MEALSA R5PUSHA,age3_lin age3_sp1 age3_sp2 gender R5EATA R5CANCRE R5DIABE heart1 heart2 R5HIBPE R5MONEYA H5LVALONE R5LUNGE R5WALKSA bmi3_lin bmi3_sp1 bmi3_sp2 smoking1 smoking2 stroke1 stroke2,2,75,0.9997339729,0.9991255517,0.9988464519,0.998294782,0.997854586,0.9972111089,0.9968543489,0.9962506533,0.9959008323,0.995198021,0.994958888,0.994265822,0.9939109152,0.9933587029,0.9931202764,0.9925804787,0.992476514,0.9922753449,0.9922753449
R5MEALSA R5MONEYA,age3_lin age3_sp1 age3_sp2 gender R5EATA R5CANCRE R5DIABE heart1 heart2 R5HIBPE H5LVALONE R5LUNGE R5PUSHA R5WALKSA bmi3_lin bmi3_sp1 bmi3_sp2 smoking1 smoking2 stroke1 stroke2,2,76,0.999738396,0.9991414676,0.9988678201,0.9983271921,0.9978957749,0.9972651418,0.996915571,0.9963239469,0.9959811642,0.9952923929,0.9950580148,0.9943787363,0.9940308984,0.9934897088,0.9932560066,0.9927268772,0.9926249566,0.9924277738,0.9924277738
R5MEALSA R5LUNGE,age3_lin age3_sp1 age3_sp2 gender R5EATA R5CANCRE R5DIABE heart1 heart2 R5HIBPE R5MONEYA H5LVALONE R5PUSHA R5WALKSA bmi3_lin bmi3_sp1 bmi3_sp2 smoking1 smoking2 stroke1 stroke2,2,77,0.9997620293,0.9992176458,0.9989677865,0.9984739031,0.9980796807,0.9975033935,0.9971838561,0.9966431935,0.9963299101,0.9957007047,0.9954866654,0.9948663979,0.9945488309,0.9940548929,0.9938417283,0.993359327,0.9932664746,0.9930868674,0.9930868674
R5MEALSA H5LVALONE,age3_lin age3_sp1 age3_sp2 gender R5EATA R5CANCRE R5DIABE heart1 heart2 R5HIBPE R5MONEYA R5LUNGE R5PUSHA R5WALKSA bmi3_lin bmi3_sp1 bmi3_sp2 smoking1 smoking2 stroke1 stroke2,2,78,0.9997258998,0.9990989476,0.9988112298,0.9982424345,0.9977884863,0.9971248221,0.9967568057,0.9961340368,0.9957731806,0.9950482838,0.994801646,0.9940868322,0.9937208992,0.9931516105,0.9929058486,0.9923495411,0.9922424229,0.9920351736,0.9920351736
R5MONEYA stroke1 stroke2,age3_lin age3_sp1 age3_sp2 gender R5EATA R5CANCRE R5DIABE heart1 heart2 R5HIBPE R5MEALSA H5LVALONE R5LUNGE R5PUSHA R5WALKSA bmi3_lin bmi3_sp1 bmi3_sp2 smoking1 smoking2,2,79,0.9997498899,0.9991782559,0.9989161358,0.9983980096,0.9979846322,0.9973808829,0.9970461939,0.9964798024,0.996151629,0.9954923069,0.9952680556,0.9946179953,0.9942850543,0.9937671024,0.9935434744,0.9930372912,0.9929397648,0.9927510662,0.9927510662
R5MONEYA smoking1 smoking2,age3_lin age3_sp1 age3_sp2 gender R5EATA R5CANCRE R5DIABE heart1 heart2 R5HIBPE R5MEALSA H5LVALONE R5LUNGE R5PUSHA R5WALKSA bmi3_lin bmi3_sp1 bmi3_sp2 stroke1 stroke2,2,80,0.9997802114,0.9992777364,0.9990471722,0.9985911363,0.9982271758,0.9976954844,0.9974007764,0.9969019291,0.99661287,0.9960320903,0.9958345497,0.9952621455,0.9949690308,0.9945131011,0.9943162904,0.9938708634,0.9937851145,0.9936193045,0.9936193045
R5MONEYA bmi3_lin bmi3_sp1 bmi3_sp2,age3_lin age3_sp1 age3_sp2 gender R5EATA R5CANCRE R5DIABE heart1 heart2 R5HIBPE R5MEALSA H5LVALONE R5LUNGE R5PUSHA R5WALKSA smoking1 smoking2 stroke1 stroke2,2,81,0.9995764742,0.9986084869,0.9981643647,0.9972861845,0.9965854591,0.9955622278,0.9949952966,0.9940362745,0.9934807841,0.9923652573,0.9919859486,0.9908871421,0.990324719,0.9894499854,0.9890724206,0.9882181048,0.9880536088,0.9877354299,0.9877354299
R5MONEYA R5WALKSA,age3_lin age3_sp1 age3_sp2 gender R5EATA R5CANCRE R5DIABE heart1 heart2 R5HIBPE R5MEALSA H5LVALONE R5LUNGE R5PUSHA bmi3_lin bmi3_sp1 bmi3_sp2 smoking1 smoking2 stroke1 stroke2,2,82,0.9996899836,0.9989820309,0.9986573339,0.9980155856,0.9975040142,0.9967573861,0.9963438474,0.9956444517,0.9952392741,0.9944256325,0.9941488344,0.9933464843,0.9929355847,0.9922961545,0.9920198835,0.9913947265,0.9912742933,0.9910412349,0.9910412349
R5MONEYA R5PUSHA,age3_lin age3_sp1 age3_sp2 gender R5EATA R5CANCRE R5DIABE heart1 heart2 R5HIBPE R5MEALSA H5LVALONE R5LUNGE R5WALKSA bmi3_lin bmi3_sp1 bmi3_sp2 smoking1 smoking2 stroke1 stroke2,2,83,0.9997371501,0.9991363684,0.998860776,0.9983157273,0.9978808121,0.9972455629,0.9968935076,0.9962976948,0.9959524622,0.9952588256,0.9950228815,0.9943391288,0.9939888976,0.993443985,0.9932087085,0.9926760762,0.9925734634,0.9923749583,0.9923749583
R5MONEYA R5LUNGE,age3_lin age3_sp1 age3_sp2 gender R5EATA R5CANCRE R5DIABE heart1 heart2 R5HIBPE R5MEALSA H5LVALONE R5PUSHA R5WALKSA bmi3_lin bmi3_sp1 bmi3_sp2 smoking1 smoking2 stroke1 stroke2,2,84,0.9997677657,0.9992368732,0.9989932185,0.9985113612,0.9981267445,0.997564898,0.9972534902,0.9967265193,0.9964211812,0.9958078826,0.9955993071,0.9949949389,0.9946854262,0.9942040374,0.9939962868,0.9935261604,0.993435647,0.9932606053,0.9932606053
R5MONEYA H5LVALONE,age3_lin age3_sp1 age3_sp2 gender R5EATA R5CANCRE R5DIABE heart1 heart2 R5HIBPE R5MEALSA R5LUNGE R5PUSHA R5WALKSA bmi3_lin bmi3_sp1 bmi3_sp2 smoking1 smoking2 stroke1 stroke2,2,85,0.9997307194,0.9991151835,0.9988327118,0.9982739866,0.9978280717,0.9971766397,0.9968155495,0.996204423,0.9958503339,0.9951389797,0.9948970135,0.994195808,0.9938367392,0.9932781477,0.993036999,0.9924911596,0.992386027,0.9921826667,0.9921826667
H5LVALONE stroke1 stroke2,age3_lin age3_sp1 age3_sp2 gender R5EATA R5CANCRE R5DIABE heart1 heart2 R5HIBPE R5MEALSA R5MONEYA R5LUNGE R5PUSHA R5WALKSA bmi3_lin bmi3_sp1 bmi3_sp2 smoking1 smoking2,2,86,0.9997411208,0.999148555,0.9988766672,0.9983391344,0.9979102425,0.9972836479,0.9969361941,0.99634823,0.9960075175,0.9953231214,0.995090339,0.9944155349,0.9940700176,0.9935325343,0.993300514,0.992775386,0.9926742378,0.9924785179,0.9924785179
H5LVALONE smoking1 smoking2,age3_lin age3_sp1 age3_sp2 gender R5EATA R5CANCRE R5DIABE heart1 heart2 R5HIBPE R5MEALSA R5MONEYA R5LUNGE R5PUSHA R5WALKSA bmi3_lin bmi3_sp1 bmi3_sp2 stroke1 stroke2,2,87,0.9997735417,0.9992551272,0.9990171255,0.9985463076,0.9981705325,0.9976214255,0.9973169778,0.9968016684,0.9965030338,0.9959031011,0.9956990431,0.9951077416,0.9948050243,0.9943341857,0.9941309741,0.9936711031,0.9935825953,0.9934114408,0.9934114408
H5LVALONE bmi3_lin bmi3_sp1 bmi3_sp2,age3_lin age3_sp1 age3_sp2 gender R5EATA R5CANCRE R5DIABE heart1 heart2 R5HIBPE R5MEALSA R5MONEYA R5LUNGE R5PUSHA R5WALKSA smoking1 smoking2 stroke1 stroke2,2,88,0.9995598856,0.9985526566,0.9980902944,0.9971759324,0.9964463127,0.9953806203,0.9947900041,0.9937909751,0.9932122702,0.992050324,0.9916552378,0.9905107212,0.9899250544,0.9890142384,0.9886211728,0.9877318816,0.9875606937,0.987229548,0.987229548
H5LVALONE R5WALKSA,age3_lin age3_sp1 age3_sp2 gender R5EATA R5CANCRE R5DIABE heart1 heart2 R5HIBPE R5MEALSA R5MONEYA R5LUNGE R5PUSHA bmi3_lin bmi3_sp1 bmi3_sp2 smoking1 smoking2 stroke1 stroke2,2,89,0.9996822266,0.9989555634,0.9986221177,0.9979629623,0.9974374872,0.9966703339,0.9962452946,0.9955264584,0.9951099694,0.9942737252,0.9939892285,0.993164547,0.9927423248,0.9920852961,0.9918014737,0.9911592834,0.9910356003,0.9907962329,0.9907962329
H5LVALONE R5PUSHA,age3_lin age3_sp1 age3_sp2 gender R5EATA R5CANCRE R5DIABE heart1 heart2 R5HIBPE R5MEALSA R5MONEYA R5LUNGE R5WALKSA bmi3_lin bmi3_sp1 bmi3_sp2 smoking1 smoking2 stroke1 stroke2,2,90,0.9997312258,0.9991160392,0.9988336764,0.9982751313,0.9978294042,0.9971781553,0.9968171159,0.9962061252,0.9958520692,0.9951408136,0.9948988742,0.9941977203,0.9938386683,0.9932800648,0.9930389171,0.9924930474,0.992387913,0.992184515,0.992184515
H5LVALONE R5LUNGE,age3_lin age3_sp1 age3_sp2 gender R5EATA R5CANCRE R5DIABE heart1 heart2 R5HIBPE R5MEALSA R5MONEYA R5PUSHA R5WALKSA bmi3_lin bmi3_sp1 bmi3_sp2 smoking1 smoking2 stroke1 stroke2,2,91,0.9997609893,0.9992138558,0.9989626135,0.9984656716,0.9980689875,0.997489351,0.9971679862,0.996624195,0.9963090859,0.9956762578,0.995461039,0.9948373949,0.994518084,0.9940214765,0.9938071903,0.9933223149,0.9932289842,0.9930484794,0.9930484794
R5LUNGE stroke1 stroke2,age3_lin age3_sp1 age3_sp2 gender R5EATA R5CANCRE R5DIABE heart1 heart2 R5HIBPE R5MEALSA R5MONEYA H5LVALONE R5PUSHA R5WALKSA bmi3_lin bmi3_sp1 bmi3_sp2 smoking1 smoking2,2,92,0.9997760763,0.9992634803,0.9990282592,0.9985633021,0.9981922837,0.9976502806,0.9973497529,0.9968412603,0.9965465941,0.9959547996,0.9957535475,0.9951702169,0.9948715064,0.9944069331,0.9942064507,0.9937528088,0.9936654646,0.9934964945,0.9934964945
R5LUNGE smoking1 smoking2,age3_lin age3_sp1 age3_sp2 gender R5EATA R5CANCRE R5DIABE heart1 heart2 R5HIBPE R5MEALSA R5MONEYA H5LVALONE R5PUSHA R5WALKSA bmi3_lin bmi3_sp1 bmi3_sp2 stroke1 stroke2,2,93,0.9998080277,0.9993685313,0.9991667437,0.9987676564,0.9984491004,0.9979836489,0.9977256122,0.9972889133,0.9970358283,0.9965275077,0.9963546476,0.9958538261,0.9955974069,0.9951986871,0.9950266668,0.9946374937,0.9945626318,0.9944179061,0.9944179061
R5LUNGE bmi3_lin bmi3_sp1 bmi3_sp2,age3_lin age3_sp1 age3_sp2 gender R5EATA R5CANCRE R5DIABE heart1 heart2 R5HIBPE R5MEALSA R5MONEYA H5LVALONE R5PUSHA R5WALKSA smoking1 smoking2 stroke1 stroke2,2,94,0.9996024653,0.9986925952,0.9982748643,0.9974489264,0.9967897757,0.9958270782,0.9952935891,0.9943913019,0.9938686201,0.9928193609,0.9924626557,0.9914294546,0.9909006931,0.9900785579,0.9897238847,0.9889216593,0.9887672906,0.9884687502,0.9884687502
R5LUNGE R5WALKSA,age3_lin age3_sp1 age3_sp2 gender R5EATA R5CANCRE R5DIABE heart1 heart2 R5HIBPE R5MEALSA R5MONEYA H5LVALONE R5PUSHA bmi3_lin bmi3_sp1 bmi3_sp2 smoking1 smoking2 stroke1 stroke2,2,95,0.9997215662,0.9990847561,0.9987925041,0.9982148332,0.9977542209,0.9970817464,0.9967091644,0.9960790802,0.995714007,0.9949810936,0.9947317904,0.9940091988,0.9936392056,0.9930635628,0.9928149726,0.992252598,0.9921443233,0.9919348189,0.9919348189
R5LUNGE R5PUSHA,age3_lin age3_sp1 age3_sp2 gender R5EATA R5CANCRE R5DIABE heart1 heart2 R5HIBPE R5MEALSA R5MONEYA H5LVALONE R5WALKSA bmi3_lin bmi3_sp1 bmi3_sp2 smoking1 smoking2 stroke1 stroke2,2,96,0.9997640644,0.9992239991,0.9989760791,0.9984857508,0.9980944049,0.9975226405,0.9972056835,0.9966693643,0.9963585744,0.9957343605,0.9955220676,0.9949069018,0.9945918621,0.9941018444,0.9938903754,0.993411809,0.9933196741,0.9931414672,0.9931414672
R5PUSHA stroke1 stroke2,age3_lin age3_sp1 age3_sp2 gender R5EATA R5CANCRE R5DIABE heart1 heart2 R5HIBPE R5MEALSA R5MONEYA H5LVALONE R5LUNGE R5WALKSA bmi3_lin bmi3_sp1 bmi3_sp2 smoking1 smoking2,2,97,0.9997466896,0.9991669097,0.9989009929,0.9983753318,0.9979559963,0.9973434558,0.9970038511,0.9964291899,0.9960961776,0.9954271822,0.995199634,0.9945399964,0.9942021478,0.993676533,0.9934496061,0.9929359262,0.9928369603,0.9926454451,0.9926454451
R5PUSHA smoking1 smoking2,age3_lin age3_sp1 age3_sp2 gender R5EATA R5CANCRE R5DIABE heart1 heart2 R5HIBPE R5MEALSA R5MONEYA H5LVALONE R5LUNGE R5WALKSA bmi3_lin bmi3_sp1 bmi3_sp2 stroke1 stroke2,2,98,0.9997789224,0.9992728411,0.999040581,0.9985811621,0.9982145379,0.99767888,0.997381935,0.9968793486,0.9965880811,0.9960028883,0.9958038407,0.995227053,0.9949316879,0.9944722281,0.9942738995,0.9938250109,0.9937385977,0.9935714761,0.9935714761
R5PUSHA bmi3_lin bmi3_sp1 bmi3_sp2,age3_lin age3_sp1 age3_sp2 gender R5EATA R5CANCRE R5DIABE heart1 heart2 R5HIBPE R5MEALSA R5MONEYA H5LVALONE R5LUNGE R5WALKSA smoking1 smoking2 stroke1 stroke2,2,99,0.9995922309,0.9986590359,0.998230783,0.9973839087,0.9967082114,0.9957213511,0.99517447,0.9942493895,0.9937134766,0.992637283,0.9922713255,0.9912111292,0.9906684323,0.9898243133,0.9894599715,0.98863551,0.9884767619,0.9881696491,0.9881696491
R5PUSHA R5WALKSA,age3_lin age3_sp1 age3_sp2 gender R5EATA R5CANCRE R5DIABE heart1 heart2 R5HIBPE R5MEALSA R5MONEYA H5LVALONE R5LUNGE bmi3_lin bmi3_sp1 bmi3_sp2 smoking1 smoking2 stroke1 stroke2,2,100,0.9996811805,0.998952356,0.9986181575,0.9979577132,0.9974314772,0.9966635538,0.99623827,0.9955191543,0.9951024763,0.9942657821,0.9939811127,0.9931559057,0.9927332124,0.9920752771,0.9917909664,0.9911475304,0.9910235458,0.9907835448,0.9907835448
R5WALKSA stroke1 stroke2,age3_lin age3_sp1 age3_sp2 gender R5EATA R5CANCRE R5DIABE heart1 heart2 R5HIBPE R5MEALSA R5MONEYA H5LVALONE R5LUNGE R5PUSHA bmi3_lin bmi3_sp1 bmi3_sp2 smoking1 smoking2,2,101,0.999702913,0.9990235754,0.9987120733,0.9980967499,0.9976064105,0.9968907217,0.9964941583,0.9958235659,0.9954350232,0.9946548768,0.9943894864,0.9936199416,0.9932258842,0.9926126639,0.992347725,0.9917482664,0.9916327768,0.9914091982,0.9914091982
R5WALKSA smoking1 smoking2,age3_lin age3_sp1 age3_sp2 gender R5EATA R5CANCRE R5DIABE heart1 heart2 R5HIBPE R5MEALSA R5MONEYA H5LVALONE R5LUNGE R5PUSHA bmi3_lin bmi3_sp1 bmi3_sp2 stroke1 stroke2,2,102,0.9997302033,0.9991131494,0.9988300123,0.9982702952,0.9978240528,0.9971725478,0.9968115765,0.9962010165,0.9958472384,0.995136805,0.9948951147,0.9941945707,0.9938358988,0.9932778173,0.9930367585,0.9924913678,0.9923863669,0.9921832112,0.9921832112
R5WALKSA bmi3_lin bmi3_sp1 bmi3_sp2,age3_lin age3_sp1 age3_sp2 gender R5EATA R5CANCRE R5DIABE heart1 heart2 R5HIBPE R5MEALSA R5MONEYA H5LVALONE R5LUNGE R5PUSHA smoking1 smoking2 stroke1 stroke2,2,103,0.9994919479,0.9983304332,0.9977975209,0.996744502,0.9959052731,0.994680842,0.9940028282,0.9928569066,0.992193208,0.9908612273,0.9904082524,0.98909585,0.9884242716,0.9873795673,0.9869283647,0.9859079272,0.9857114474,0.9853311889,0.9853311889
bmi3_lin bmi3_sp1 bmi3_sp2 stroke1 stroke2,age3_lin age3_sp1 age3_sp2 gender R5EATA R5CANCRE R5DIABE heart1 heart2 R5HIBPE R5MEALSA R5MONEYA H5LVALONE R5LUNGE R5PUSHA R5WALKSA smoking1 smoking2,2,104,0.9995895733,0.9986502562,0.9982193572,0.9973677396,0.996688391,0.9956963145,0.9951464421,0.9942163918,0.9936776127,0.9925957743,0.9922279445,0.9911620595,0.9906165345,0.9897681253,0.989401952,0.9885734878,0.9884139592,0.9881052869,0.9881052869
bmi3_lin bmi3_sp1 bmi3_sp2 smoking1 smoking2,age3_lin age3_sp1 age3_sp2 gender R5EATA R5CANCRE R5DIABE heart1 heart2 R5HIBPE R5MEALSA R5MONEYA H5LVALONE R5LUNGE R5PUSHA R5WALKSA stroke1 stroke2,2,105,0.9996131805,0.9987277588,0.9983213428,0.9975176792,0.9968763865,0.995939765,0.9954207183,0.9945426601,0.9940339733,0.9930124925,0.9926651912,0.9916592647,0.991144531,0.9903441579,0.9899987986,0.9892175731,0.9890672678,0.9887766267,0.9887766267
smoking1 smoking2 stroke1 stroke2,age3_lin age3_sp1 age3_sp2 gender R5EATA R5CANCRE R5DIABE heart1 heart2 R5HIBPE R5MEALSA R5MONEYA H5LVALONE R5LUNGE R5PUSHA R5WALKSA bmi3_lin bmi3_sp1 bmi3_sp2,2,106,0.9997891101,0.9993063158,0.9990848172,0.9986469264,0.9982975359,0.9977871026,0.997504076,0.9970250852,0.9967474961,0.9961898294,0.9960001609,0.9954503986,0.9951689027,0.9947310668,0.9945420803,0.9941144091,0.9940320719,0.9938728065,0.9938728065
