DELEVAR,VARINMODEL,nummissvar,modelnum,age3_lin_beta,age3_sp1_beta,age3_sp2_beta,gender_beta,R5EATA_beta,R5CANCRE_beta,R5DIABE_beta,heart1_beta,heart2_beta,R5HIBPE_beta,R5MEALSA_beta,R5MONEYA_beta,h5lvalone_beta,R5LUNGE_beta,R5PUSHA_beta,R5WALKSA_beta,bmi3_lin_beta,bmi3_sp1_beta,bmi3_sp2_beta,smoking1_beta,smoking2_beta,stroke1_beta,stroke2_beta
all except age,age3_lin age3_sp1 age3_sp2,15,0,0.1059672881,-0.000795534,-0.049134246,,,,,,,,,,,,,,,,,,,,
,age3_lin age3_sp1 age3_sp2 gender R5EATA R5CANCRE R5DIABE heart1 heart2 R5HIBPE R5MEALSA R5MONEYA H5LVALONE R5LUNGE R5PUSHA R5WALKSA bmi3_lin bmi3_sp1 bmi3_sp2 smoking1 smoking2 stroke1 stroke2,0,1,0.1111052204,-0.032903168,0.0035691478,0.4420252172,0.3249283046,0.1938712671,0.3859158821,0.2039809418,0.4574222016,0.1672115249,0.3258988859,0.2914681443,0.096675692,0.5444575166,0.2110506863,0.335387936,-0.098697119,0.1714825998,-0.387085916,0.1749589736,0.504718944,0.209351769,0.0221814753
R5EATA,age3_lin age3_sp1 age3_sp2 gender R5CANCRE R5DIABE heart1 heart2 R5HIBPE R5MEALSA R5MONEYA H5LVALONE R5LUNGE R5PUSHA R5WALKSA bmi3_lin bmi3_sp1 bmi3_sp2 smoking1 smoking2 stroke1 stroke2,1,2,0.1118082323,-0.037011363,0.0136413391,0.4494907662,,0.1914604286,0.3846571511,0.2000803664,0.4358626054,0.170176213,0.3888343494,0.3272183869,0.0964205285,0.5434053543,0.2215989412,0.341280009,-0.098807266,0.1721705453,-0.390540141,0.1744241723,0.5028040056,0.2170923721,0.0567122434
R5CANCRE,age3_lin age3_sp1 age3_sp2 gender R5EATA R5DIABE heart1 heart2 R5HIBPE R5MEALSA R5MONEYA H5LVALONE R5LUNGE R5PUSHA R5WALKSA bmi3_lin bmi3_sp1 bmi3_sp2 smoking1 smoking2 stroke1 stroke2,1,3,0.1134103412,-0.040613447,0.0238577717,0.4490182308,0.318287039,,0.3868588679,0.2087612794,0.456617843,0.1652251279,0.3207545454,0.2902617412,0.0970997006,0.5476555095,0.2136238289,0.3361638737,-0.098860247,0.1705250611,-0.381987536,0.1826048597,0.5029586537,0.2101321433,0.0239088344
R5DIABE,age3_lin age3_sp1 age3_sp2 gender R5EATA R5CANCRE heart1 heart2 R5HIBPE R5MEALSA R5MONEYA H5LVALONE R5LUNGE R5PUSHA R5WALKSA bmi3_lin bmi3_sp1 bmi3_sp2 smoking1 smoking2 stroke1 stroke2,1,4,0.1099967405,-0.025001521,-0.026875584,0.4470622649,0.3194377404,0.1956072774,,0.2245286346,0.4855776689,0.1893874632,0.339497482,0.3002503277,0.0850714255,0.5197712585,0.2121931289,0.350501766,-0.09544801,0.172524852,-0.38982095,0.1723025325,0.5140574647,0.2156954464,0.043854481
heart1 heart2,age3_lin age3_sp1 age3_sp2 gender R5EATA R5CANCRE R5DIABE R5HIBPE R5MEALSA R5MONEYA H5LVALONE R5LUNGE R5PUSHA R5WALKSA bmi3_lin bmi3_sp1 bmi3_sp2 smoking1 smoking2 stroke1 stroke2,1,5,0.1109601256,-0.027209714,-0.018531775,0.4690455783,0.2783814367,0.1993631549,0.4105998252,,,0.1856552322,0.3611046262,0.3107514625,0.0964106368,0.5971520136,0.235971988,0.3608125748,-0.097279805,0.1655628501,-0.368343532,0.1765417094,0.4907621173,0.2494207193,0.0660195718
R5HIBPE,age3_lin age3_sp1 age3_sp2 gender R5EATA R5CANCRE R5DIABE heart1 heart2 R5MEALSA R5MONEYA H5LVALONE R5LUNGE R5PUSHA R5WALKSA bmi3_lin bmi3_sp1 bmi3_sp2 smoking1 smoking2 stroke1 stroke2,1,6,0.1101761218,-0.028907868,-0.006509712,0.4303560614,0.3370885978,0.1907746545,0.4059047987,0.2183667168,0.4760046268,,0.3050506417,0.3054689357,0.0918231022,0.5456672137,0.220538961,0.3440634512,-0.094181964,0.1681330801,-0.383313172,0.1730945376,0.4923197366,0.2354092983,0.0337135735
R5MEALSA,age3_lin age3_sp1 age3_sp2 gender R5EATA R5CANCRE R5DIABE heart1 heart2 R5HIBPE R5MONEYA H5LVALONE R5LUNGE R5PUSHA R5WALKSA bmi3_lin bmi3_sp1 bmi3_sp2 smoking1 smoking2 stroke1 stroke2,1,7,0.1107727292,-0.030462354,0.0018330493,0.4364466412,0.4365974666,0.1909679493,0.390601702,0.2151652728,0.4697030077,0.1586502404,,0.4045001687,0.0900147841,0.539031294,0.2254305131,0.3504944557,-0.100164638,0.1762899278,-0.400187479,0.1745692165,0.5204770629,0.2048481058,0.0607383554
R5MONEYA,age3_lin age3_sp1 age3_sp2 gender R5EATA R5CANCRE R5DIABE heart1 heart2 R5HIBPE R5MEALSA H5LVALONE R5LUNGE R5PUSHA R5WALKSA bmi3_lin bmi3_sp1 bmi3_sp2 smoking1 smoking2 stroke1 stroke2,1,8,0.1129412686,-0.042468275,0.0360332245,0.4425887273,0.3834325423,0.1935383367,0.3884574791,0.2023688862,0.4800679313,0.1727416149,0.4317715912,,0.0992230936,0.5451785449,0.213729187,0.3384981028,-0.099183602,0.1709037936,-0.384117743,0.1685960554,0.4975335992,0.2224834615,0.0374521954
H5LVALONE,age3_lin age3_sp1 age3_sp2 gender R5EATA R5CANCRE R5DIABE heart1 heart2 R5HIBPE R5MEALSA R5MONEYA R5LUNGE R5PUSHA R5WALKSA bmi3_lin bmi3_sp1 bmi3_sp2 smoking1 smoking2 stroke1 stroke2,1,9,0.1121685051,-0.029372315,-0.008519461,0.4152563967,0.324679488,0.1941197001,0.3809362276,0.2031129724,0.4592489294,0.1647108695,0.3180318118,0.2952409173,,0.5405783973,0.2114259217,0.3356898115,-0.09837317,0.1718007374,-0.389188941,0.1774815162,0.5156372515,0.2083159899,0.0118038918
R5LUNGE,age3_lin age3_sp1 age3_sp2 gender R5EATA R5CANCRE R5DIABE heart1 heart2 R5HIBPE R5MEALSA R5MONEYA H5LVALONE R5PUSHA R5WALKSA bmi3_lin bmi3_sp1 bmi3_sp2 smoking1 smoking2 stroke1 stroke2,1,10,0.1059582045,-0.017150416,-0.038142145,0.4465709461,0.3218988108,0.1985876864,0.3637074594,0.2220978197,0.5588775793,0.1685114013,0.3135817813,0.2935199486,0.088607932,,0.2343433972,0.3628800858,-0.10127039,0.172660302,-0.378622301,0.1981026937,0.5480814267,0.2455460655,-0.01761299
R5PUSHA,age3_lin age3_sp1 age3_sp2 gender R5EATA R5CANCRE R5DIABE heart1 heart2 R5HIBPE R5MEALSA R5MONEYA H5LVALONE R5LUNGE R5WALKSA bmi3_lin bmi3_sp1 bmi3_sp2 smoking1 smoking2 stroke1 stroke2,1,11,0.1127042327,-0.036061574,0.0122517528,0.3956127121,0.3660814581,0.1972740905,0.3872918022,0.2188950589,0.4853383485,0.175689341,0.3614755579,0.298431569,0.097379583,0.565338714,,0.3904735165,-0.102691537,0.1832658545,-0.417524197,0.1773256757,0.5097083532,0.2099686497,0.0540147296
R5WALKSA,age3_lin age3_sp1 age3_sp2 gender R5EATA R5CANCRE R5DIABE heart1 heart2 R5HIBPE R5MEALSA R5MONEYA H5LVALONE R5LUNGE R5PUSHA bmi3_lin bmi3_sp1 bmi3_sp2 smoking1 smoking2 stroke1 stroke2,1,12,0.1085496741,-0.013348627,-0.043011511,0.414537686,0.3645206649,0.1952082975,0.4059552173,0.2243076592,0.5153966738,0.1794637878,0.3888053319,0.3049655196,0.0972790076,0.5854265833,0.2993985936,,-0.100370408,0.1954335098,-0.453083715,0.1810365449,0.5517418368,0.2334862807,0.0731461038
bmi3_lin bmi3_sp1 bmi3_sp2,age3_lin age3_sp1 age3_sp2 gender R5EATA R5CANCRE R5DIABE heart1 heart2 R5HIBPE R5MEALSA R5MONEYA H5LVALONE R5LUNGE R5PUSHA R5WALKSA smoking1 smoking2 stroke1 stroke2,1,13,0.1141614979,-0.024100804,-0.02011594,0.3849065076,0.3289329466,0.1973685572,0.3471010851,0.2058994515,0.4509094006,0.1275977077,0.3293174538,0.3076660759,0.0892127509,0.5577936225,0.2206375906,0.2953072076,,,,0.1688809048,0.5721999839,0.2262019579,0.0456180764
smoking1 smoking2,age3_lin age3_sp1 age3_sp2 gender R5EATA R5CANCRE R5DIABE heart1 heart2 R5HIBPE R5MEALSA R5MONEYA H5LVALONE R5LUNGE R5PUSHA R5WALKSA bmi3_lin bmi3_sp1 bmi3_sp2 stroke1 stroke2,1,14,0.1074477511,-0.03861172,0.0194483068,0.5083546919,0.3179129284,0.1973520414,0.3900175706,0.2018463029,0.4385718641,0.1575922642,0.3514156789,0.2692179501,0.1149460228,0.5884606492,0.2168932788,0.3624436818,-0.101748399,0.1682643463,-0.37346062,,,0.2207101301,0.0517297289
stroke1 stroke2,age3_lin age3_sp1 age3_sp2 gender R5EATA R5CANCRE R5DIABE heart1 heart2 R5HIBPE R5MEALSA R5MONEYA H5LVALONE R5LUNGE R5PUSHA R5WALKSA bmi3_lin bmi3_sp1 bmi3_sp2 smoking1 smoking2,1,15,0.1111118253,-0.03428381,0.0088498662,0.4449975116,0.3334873149,0.1942059356,0.3874494959,0.21103434,0.4709101427,0.1743481087,0.3226080478,0.3006186716,0.0961281512,0.5541815541,0.2112011331,0.3396880169,-0.098465914,0.1692435663,-0.381002593,0.1751409935,0.5086002153,,
R5EATA stroke1 stroke2,age3_lin age3_sp1 age3_sp2 gender R5CANCRE R5DIABE heart1 heart2 R5HIBPE R5MEALSA R5MONEYA H5LVALONE R5LUNGE R5PUSHA R5WALKSA bmi3_lin bmi3_sp1 bmi3_sp2 smoking1 smoking2,2,16,0.1113996578,-0.035813305,0.0111240377,0.4529448978,,0.1917277047,0.3872550161,0.2083173776,0.4512367832,0.1778382694,0.3912710645,0.3396413587,0.0950201722,0.5512942672,0.2233429929,0.3471145929,-0.098310162,0.1686046277,-0.380602256,0.1753638307,0.5080206319,,
R5EATA smoking1 smoking2,age3_lin age3_sp1 age3_sp2 gender R5CANCRE R5DIABE heart1 heart2 R5HIBPE R5MEALSA R5MONEYA H5LVALONE R5LUNGE R5PUSHA R5WALKSA bmi3_lin bmi3_sp1 bmi3_sp2 stroke1 stroke2,2,17,0.1082938231,-0.043208889,0.0310844437,0.5154207894,,0.1950934918,0.3881826182,0.1971457929,0.4173787251,0.1598683139,0.4130693726,0.3005736385,0.113696196,0.5869300737,0.2271213033,0.3682283498,-0.101990989,0.1693793929,-0.377971795,,,0.2282888716,0.0918385495
R5EATA heart1 heart2,age3_lin age3_sp1 age3_sp2 gender R5CANCRE R5DIABE R5HIBPE R5MEALSA R5MONEYA H5LVALONE R5LUNGE R5PUSHA R5WALKSA bmi3_lin bmi3_sp1 bmi3_sp2 smoking1 smoking2 stroke1 stroke2,2,18,0.1114903827,-0.030119974,-0.012136079,0.4752887841,,0.1969701537,0.4090047166,,,0.188037528,0.4156255644,0.3399661988,0.0964344343,0.5942695121,0.2445234219,0.3652836188,-0.09763788,0.1671394823,-0.374398371,0.1762461808,0.4885009579,0.255568832,0.0967299862
R5EATA bmi3_lin bmi3_sp1 bmi3_sp2,age3_lin age3_sp1 age3_sp2 gender R5CANCRE R5DIABE heart1 heart2 R5HIBPE R5MEALSA R5MONEYA H5LVALONE R5LUNGE R5PUSHA R5WALKSA smoking1 smoking2 stroke1 stroke2,2,19,0.1147710614,-0.02702349,-0.01379812,0.3930163832,,0.1948852376,0.3460166704,0.2022099469,0.4298736977,0.1305556475,0.3939073522,0.3443835057,0.0894618916,0.5554770028,0.2312264028,0.3006872809,,,,0.168345095,0.5710992705,0.2336924136,0.0799926731
R5EATA R5WALKSA,age3_lin age3_sp1 age3_sp2 gender R5CANCRE R5DIABE heart1 heart2 R5HIBPE R5MEALSA R5MONEYA H5LVALONE R5LUNGE R5PUSHA bmi3_lin bmi3_sp1 bmi3_sp2 smoking1 smoking2 stroke1 stroke2,2,20,0.1091110947,-0.016459869,-0.036104683,0.4216259816,,0.1926046435,0.4046306345,0.2207702358,0.4929507456,0.183057472,0.4607228056,0.3466241856,0.096826711,0.5850885089,0.3124101496,,-0.100366328,0.1962579094,-0.457175226,0.18062154,0.5509144451,0.2424092265,0.1117645666
R5EATA R5PUSHA,age3_lin age3_sp1 age3_sp2 gender R5CANCRE R5DIABE heart1 heart2 R5HIBPE R5MEALSA R5MONEYA H5LVALONE R5LUNGE R5WALKSA bmi3_lin bmi3_sp1 bmi3_sp2 smoking1 smoking2 stroke1 stroke2,2,21,0.1134950055,-0.040123132,0.0214799436,0.4007900456,,0.1947212366,0.3859623238,0.215613161,0.4627616872,0.179359148,0.4346137591,0.3396534207,0.0969350365,0.5651079623,,0.3998396315,-0.103125537,0.184972132,-0.423844456,0.1767682789,0.5076729531,0.2183209339,0.0952997553
R5EATA R5MONEYA,age3_lin age3_sp1 age3_sp2 gender R5CANCRE R5DIABE heart1 heart2 R5HIBPE R5MEALSA H5LVALONE R5LUNGE R5PUSHA R5WALKSA bmi3_lin bmi3_sp1 bmi3_sp2 smoking1 smoking2 stroke1 stroke2,2,22,0.11387696,-0.0481167,0.0509335077,0.4520729495,,0.1902655138,0.3864941058,0.1963676674,0.4587677326,0.1767610199,0.5187920504,,0.0996522192,0.5438919724,0.2271846089,0.346614631,-0.099689547,0.1728333574,-0.391681504,0.1665078725,0.4913884925,0.2338958033,0.0821100532
R5EATA R5MEALSA,age3_lin age3_sp1 age3_sp2 gender R5CANCRE R5DIABE heart1 heart2 R5HIBPE R5MONEYA H5LVALONE R5LUNGE R5PUSHA R5WALKSA bmi3_lin bmi3_sp1 bmi3_sp2 smoking1 smoking2 stroke1 stroke2,2,23,0.1116829783,-0.035347515,0.0148122278,0.4456139193,,0.1869946191,0.3901768855,0.2134377265,0.4440116134,0.1608518213,,0.4815636946,0.0871894111,0.5364472506,0.2449154859,0.3633446641,-0.100812262,0.178410914,-0.407756715,0.1734076827,0.5227050212,0.2143576747,0.1205819093
R5EATA R5LUNGE,age3_lin age3_sp1 age3_sp2 gender R5CANCRE R5DIABE heart1 heart2 R5HIBPE R5MEALSA R5MONEYA H5LVALONE R5PUSHA R5WALKSA bmi3_lin bmi3_sp1 bmi3_sp2 smoking1 smoking2 stroke1 stroke2,2,24,0.1067117561,-0.021159325,-0.02874782,0.4533077763,,0.1960205226,0.3624973553,0.2181992867,0.5373853767,0.1710631653,0.376765005,0.3286308145,0.0885975548,,0.2444695161,0.3686570897,-0.101121934,0.1726110846,-0.379908205,0.1980214186,0.545275463,0.2510961134,0.0160119354
R5EATA R5HIBPE,age3_lin age3_sp1 age3_sp2 gender R5CANCRE R5DIABE heart1 heart2 R5MEALSA R5MONEYA H5LVALONE R5LUNGE R5PUSHA R5WALKSA bmi3_lin bmi3_sp1 bmi3_sp2 smoking1 smoking2 stroke1 stroke2,2,25,0.1108285456,-0.032996365,0.0034335382,0.4381229052,,0.1882386712,0.4046628713,0.2144612218,0.4552869547,,0.3705040243,0.3418595673,0.0917285631,0.5441830603,0.2315028584,0.3503654467,-0.09437065,0.1694294422,-0.388784341,0.1724495742,0.4891018026,0.2432722683,0.0695196718
R5EATA R5DIABE,age3_lin age3_sp1 age3_sp2 gender R5CANCRE heart1 heart2 R5HIBPE R5MEALSA R5MONEYA H5LVALONE R5LUNGE R5PUSHA R5WALKSA bmi3_lin bmi3_sp1 bmi3_sp2 smoking1 smoking2 stroke1 stroke2,2,26,0.1105437473,-0.028154975,-0.019739835,0.4541279386,,0.1933923406,,0.2206553613,0.4647407357,0.1918594258,0.4011301298,0.3335792867,0.0841021292,0.5188480995,0.2225186893,0.3559903915,-0.095640823,0.1732254303,-0.39302361,0.1713026223,0.5113422961,0.2241729131,0.0830306977
R5EATA R5CANCRE,age3_lin age3_sp1 age3_sp2 gender R5DIABE heart1 heart2 R5HIBPE R5MEALSA R5MONEYA H5LVALONE R5LUNGE R5PUSHA R5WALKSA bmi3_lin bmi3_sp1 bmi3_sp2 smoking1 smoking2 stroke1 stroke2,2,27,0.1140954955,-0.044778446,0.0341111905,0.4561529983,,,0.385720653,0.2046596445,0.4354800834,0.1681911614,0.3828573277,0.3250354594,0.097065485,0.5464771106,0.2239420352,0.341984039,-0.098997826,0.1713165298,-0.385725528,0.1820928947,0.5011394429,0.2177119572,0.0572138277
R5EATA H5LVALONE,age3_lin age3_sp1 age3_sp2 gender R5CANCRE R5DIABE heart1 heart2 R5HIBPE R5MEALSA R5MONEYA R5LUNGE R5PUSHA R5WALKSA bmi3_lin bmi3_sp1 bmi3_sp2 smoking1 smoking2 stroke1 stroke2,2,28,0.112869213,-0.033697884,0.0023086376,0.4228112118,,0.1918787828,0.3793564442,0.1992804772,0.4379706923,0.1677809517,0.3806891057,0.3312435531,,0.5396384813,0.2218657717,0.3415220165,-0.098498938,0.1724304367,-0.392350701,0.1769471785,0.5130192785,0.2158478029,0.0468455141
R5CANCRE stroke1 stroke2,age3_lin age3_sp1 age3_sp2 gender R5EATA R5DIABE heart1 heart2 R5HIBPE R5MEALSA R5MONEYA H5LVALONE R5LUNGE R5PUSHA R5WALKSA bmi3_lin bmi3_sp1 bmi3_sp2 smoking1 smoking2,2,29,0.1134924171,-0.042256993,0.0297774327,0.4519749181,0.3270448699,,0.3882963768,0.2158870432,0.4703576403,0.1722957254,0.3176260364,0.2996313626,0.0965836738,0.5571050658,0.2141368354,0.3405474055,-0.098602573,0.1682670959,-0.375970211,0.1829909664,0.5071395164,,
R5CANCRE smoking1 smoking2,age3_lin age3_sp1 age3_sp2 gender R5EATA R5DIABE heart1 heart2 R5HIBPE R5MEALSA R5MONEYA H5LVALONE R5LUNGE R5PUSHA R5WALKSA bmi3_lin bmi3_sp1 bmi3_sp2 stroke1 stroke2,2,30,0.1099640438,-0.047260787,0.0422546608,0.5183270034,0.3120164195,,0.3910586943,0.2074986099,0.4377213533,0.1550605932,0.346563195,0.2679585698,0.1151710405,0.592547103,0.2196782866,0.362987686,-0.101808805,0.1670653588,-0.367534874,,,0.2223214915,0.0560173598
R5CANCRE heart1 heart2,age3_lin age3_sp1 age3_sp2 gender R5EATA R5DIABE R5HIBPE R5MEALSA R5MONEYA H5LVALONE R5LUNGE R5PUSHA R5WALKSA bmi3_lin bmi3_sp1 bmi3_sp2 smoking1 smoking2 stroke1 stroke2,2,31,0.1134407789,-0.035706535,0.0041064451,0.4768442633,0.2707192608,,0.4115144378,,,0.1844937711,0.3563837976,0.3094568494,0.0970848302,0.6007758843,0.2388334658,0.3615635528,-0.097589783,0.1650063894,-0.364413989,0.1847645544,0.4892517914,0.250968929,0.0682339575
R5CANCRE bmi3_lin bmi3_sp1 bmi3_sp2,age3_lin age3_sp1 age3_sp2 gender R5EATA R5DIABE heart1 heart2 R5HIBPE R5MEALSA R5MONEYA H5LVALONE R5LUNGE R5PUSHA R5WALKSA smoking1 smoking2 stroke1 stroke2,2,32,0.1163120228,-0.031203026,-0.001069382,0.3923209591,0.3220945488,,0.3483891793,0.2107294237,0.4515062286,0.1260959202,0.3238103215,0.3071368867,0.0892954062,0.5608454515,0.2232222309,0.2955955163,,,,0.176404401,0.5710477509,0.2262005741,0.0470123974
R5CANCRE R5WALKSA,age3_lin age3_sp1 age3_sp2 gender R5EATA R5DIABE heart1 heart2 R5HIBPE R5MEALSA R5MONEYA H5LVALONE R5LUNGE R5PUSHA bmi3_lin bmi3_sp1 bmi3_sp2 smoking1 smoking2 stroke1 stroke2,2,33,0.1105363128,-0.019970141,-0.024964267,0.4212625541,0.3579790188,,0.4075689832,0.2286654417,0.5146749308,0.1777356826,0.3828884547,0.3037703595,0.0973667136,0.5889195179,0.3023029193,,-0.100345418,0.1941880237,-0.447602449,0.1884967373,0.5498226046,0.2344564518,0.0763546254
R5CANCRE R5PUSHA,age3_lin age3_sp1 age3_sp2 gender R5EATA R5DIABE heart1 heart2 R5HIBPE R5MEALSA R5MONEYA H5LVALONE R5LUNGE R5WALKSA bmi3_lin bmi3_sp1 bmi3_sp2 smoking1 smoking2 stroke1 stroke2,2,34,0.1150912144,-0.04358262,0.031603255,0.4024721007,0.3596895344,,0.3879556534,0.2237788051,0.4849146059,0.1738657235,0.357679028,0.2966848381,0.0974947179,0.5687082425,,0.3919901181,-0.103029894,0.1829420237,-0.414119871,0.1848190917,0.5083500956,0.2118461602,0.0558908248
R5CANCRE R5MONEYA,age3_lin age3_sp1 age3_sp2 gender R5EATA R5DIABE heart1 heart2 R5HIBPE R5MEALSA H5LVALONE R5LUNGE R5PUSHA R5WALKSA bmi3_lin bmi3_sp1 bmi3_sp2 smoking1 smoking2 stroke1 stroke2,2,35,0.1153127697,-0.050579338,0.0575191355,0.4494906587,0.3760935828,,0.3889366486,0.2071741858,0.4794633374,0.1709930101,0.4257323372,,0.0996663083,0.5484333471,0.216072224,0.3392843661,-0.099406259,0.170084432,-0.37934642,0.1761633986,0.4960682322,0.2234224889,0.0390336922
R5CANCRE R5MEALSA,age3_lin age3_sp1 age3_sp2 gender R5EATA R5DIABE heart1 heart2 R5HIBPE R5MONEYA H5LVALONE R5LUNGE R5PUSHA R5WALKSA bmi3_lin bmi3_sp1 bmi3_sp2 smoking1 smoking2 stroke1 stroke2,2,36,0.1130375316,-0.038062605,0.0220655458,0.4432751219,0.4292500534,,0.3918882309,0.219948002,0.4682252136,0.1563538254,,0.4010012764,0.0904329424,0.5422683896,0.228214341,0.3508183363,-0.100217566,0.1750236106,-0.394336444,0.1825047756,0.5187675668,0.205658008,0.0617957493
R5CANCRE R5LUNGE,age3_lin age3_sp1 age3_sp2 gender R5EATA R5DIABE heart1 heart2 R5HIBPE R5MEALSA R5MONEYA H5LVALONE R5PUSHA R5WALKSA bmi3_lin bmi3_sp1 bmi3_sp2 smoking1 smoking2 stroke1 stroke2,2,37,0.1081624074,-0.024618188,-0.018279711,0.4537484738,0.3147447499,,0.3650578127,0.2267834523,0.5598397749,0.1663307559,0.3083525895,0.2923952177,0.0891994779,,0.2369251118,0.3639914866,-0.101396302,0.1714544599,-0.372319637,0.2062809837,0.5465081827,0.2455739911,-0.0165279
R5CANCRE R5HIBPE,age3_lin age3_sp1 age3_sp2 gender R5EATA R5DIABE heart1 heart2 R5MEALSA R5MONEYA H5LVALONE R5LUNGE R5PUSHA R5WALKSA bmi3_lin bmi3_sp1 bmi3_sp2 smoking1 smoking2 stroke1 stroke2,2,38,0.1124055898,-0.036162397,0.0122336326,0.4372308579,0.330513557,,0.4067792783,0.2232440094,0.4757137164,,0.2992179376,0.3046833814,0.0919796243,0.5486468876,0.2230608842,0.344881015,-0.094466453,0.1672644394,-0.378272747,0.1806519414,0.4900381112,0.2355014152,0.034851071
R5CANCRE R5DIABE,age3_lin age3_sp1 age3_sp2 gender R5EATA heart1 heart2 R5HIBPE R5MEALSA R5MONEYA H5LVALONE R5LUNGE R5PUSHA R5WALKSA bmi3_lin bmi3_sp1 bmi3_sp2 smoking1 smoking2 stroke1 stroke2,2,39,0.112426958,-0.033428141,-0.004555501,0.4538744866,0.3131824388,,,0.2285050838,0.4855771647,0.1876680151,0.3355861035,0.2976529279,0.0857187947,0.5234947651,0.2143966741,0.3518318442,-0.095526225,0.1712460038,-0.383979298,0.1798426987,0.5128878247,0.2159409265,0.0467557508
R5CANCRE H5LVALONE,age3_lin age3_sp1 age3_sp2 gender R5EATA R5DIABE heart1 heart2 R5HIBPE R5MEALSA R5MONEYA R5LUNGE R5PUSHA R5WALKSA bmi3_lin bmi3_sp1 bmi3_sp2 smoking1 smoking2 stroke1 stroke2,2,40,0.1144011226,-0.036630513,0.0105312381,0.4220520926,0.3184643334,,0.3819745316,0.2078060632,0.4590355888,0.1625496311,0.3128147934,0.2940499128,,0.5438735009,0.2138362551,0.3363497732,-0.09852729,0.1709339015,-0.384541473,0.1850071674,0.5138930488,0.2092174512,0.0130936338
R5DIABE stroke1 stroke2,age3_lin age3_sp1 age3_sp2 gender R5EATA R5CANCRE heart1 heart2 R5HIBPE R5MEALSA R5MONEYA H5LVALONE R5LUNGE R5PUSHA R5WALKSA bmi3_lin bmi3_sp1 bmi3_sp2 smoking1 smoking2,2,41,0.109817364,-0.024931687,-0.026166403,0.4507299516,0.332515331,0.1958137498,,0.2325567366,0.4990601123,0.1973055261,0.3380031277,0.3113588833,0.0838793142,0.5285728577,0.2135611445,0.3554900052,-0.095146977,0.1695959926,-0.381390071,0.173068812,0.5185665637,,
R5DIABE smoking1 smoking2,age3_lin age3_sp1 age3_sp2 gender R5EATA R5CANCRE heart1 heart2 R5HIBPE R5MEALSA R5MONEYA H5LVALONE R5LUNGE R5PUSHA R5WALKSA bmi3_lin bmi3_sp1 bmi3_sp2 stroke1 stroke2,2,42,0.1065729063,-0.032764204,-0.004972176,0.5145746951,0.3096710562,0.1993030979,,0.221408978,0.467564125,0.1811718757,0.3594506643,0.2798752719,0.1040602182,0.5641528069,0.2183508098,0.3786072962,-0.09921187,0.171500394,-0.382299772,,,0.2280416556,0.0666260198
R5DIABE heart1 heart2,age3_lin age3_sp1 age3_sp2 gender R5EATA R5CANCRE R5HIBPE R5MEALSA R5MONEYA H5LVALONE R5LUNGE R5PUSHA R5WALKSA bmi3_lin bmi3_sp1 bmi3_sp2 smoking1 smoking2 stroke1 stroke2,2,43,0.1099262883,-0.018616303,-0.05221711,0.4784314246,0.2699944539,0.2010732377,,,,0.2106926362,0.3755440175,0.3229338988,0.083120812,0.5735509484,0.2385070686,0.3787983586,-0.093814823,0.1670947098,-0.372228605,0.1734419925,0.4991794555,0.2579378564,0.0942509655
R5DIABE bmi3_lin bmi3_sp1 bmi3_sp2,age3_lin age3_sp1 age3_sp2 gender R5EATA R5CANCRE heart1 heart2 R5HIBPE R5MEALSA R5MONEYA H5LVALONE R5LUNGE R5PUSHA R5WALKSA smoking1 smoking2 stroke1 stroke2,2,44,0.1123288607,-0.015833904,-0.050853651,0.3920609225,0.3243458731,0.1993477398,,0.2237045619,0.4756818068,0.1515630058,0.3433573092,0.315329079,0.0786243505,0.5371348533,0.2214161999,0.3158011544,,,,0.1663888979,0.5749950046,0.2303191147,0.0641720128
R5DIABE R5WALKSA,age3_lin age3_sp1 age3_sp2 gender R5EATA R5CANCRE heart1 heart2 R5HIBPE R5MEALSA R5MONEYA H5LVALONE R5LUNGE R5PUSHA bmi3_lin bmi3_sp1 bmi3_sp2 smoking1 smoking2 stroke1 stroke2,2,45,0.107151528,-0.00409362,-0.076709645,0.4188926238,0.3590202577,0.1983362423,,0.247304444,0.5468445908,0.2033255231,0.4071441731,0.3143373731,0.0858367467,0.5608734313,0.3044976522,,-0.096908086,0.1975701795,-0.459271038,0.179053468,0.5644219886,0.2404907555,0.0993088467
R5DIABE R5PUSHA,age3_lin age3_sp1 age3_sp2 gender R5EATA R5CANCRE heart1 heart2 R5HIBPE R5MEALSA R5MONEYA H5LVALONE R5LUNGE R5WALKSA bmi3_lin bmi3_sp1 bmi3_sp2 smoking1 smoking2 stroke1 stroke2,2,46,0.1114598921,-0.027256845,-0.020788907,0.4008575149,0.3609233306,0.1984947753,,0.2390961912,0.5131568654,0.1980791824,0.3744065056,0.307328229,0.0855529381,0.5413126116,,0.4058388509,-0.099433283,0.1847917277,-0.422034606,0.1744215479,0.5196378118,0.2179492592,0.0771702611
R5DIABE R5MONEYA,age3_lin age3_sp1 age3_sp2 gender R5EATA R5CANCRE heart1 heart2 R5HIBPE R5MEALSA H5LVALONE R5LUNGE R5PUSHA R5WALKSA bmi3_lin bmi3_sp1 bmi3_sp2 smoking1 smoking2 stroke1 stroke2,2,47,0.1118917478,-0.034483766,0.0049389197,0.4481904089,0.3761223551,0.194385382,,0.2230138833,0.5106085667,0.1948685757,0.4502466563,,0.0873194261,0.5204599691,0.2149837028,0.353682884,-0.095976898,0.1721099752,-0.387772332,0.1656681494,0.5076488272,0.2301670112,0.0613109767
R5DIABE R5MEALSA,age3_lin age3_sp1 age3_sp2 gender R5EATA R5CANCRE heart1 heart2 R5HIBPE R5MONEYA H5LVALONE R5LUNGE R5PUSHA R5WALKSA bmi3_lin bmi3_sp1 bmi3_sp2 smoking1 smoking2 stroke1 stroke2,2,48,0.1095964111,-0.023271657,-0.025723267,0.4417081518,0.43562704,0.1934484121,,0.2354313444,0.4971510145,0.1815012402,,0.420749637,0.0783801889,0.514846333,0.22672807,0.3664956198,-0.097348338,0.1790759134,-0.407932171,0.1716802888,0.526837513,0.2109908336,0.0807932146
R5DIABE R5LUNGE,age3_lin age3_sp1 age3_sp2 gender R5EATA R5CANCRE heart1 heart2 R5HIBPE R5MEALSA R5MONEYA H5LVALONE R5PUSHA R5WALKSA bmi3_lin bmi3_sp1 bmi3_sp2 smoking1 smoking2 stroke1 stroke2,2,49,0.1052504171,-0.011346022,-0.0624205,0.4516012722,0.3168408562,0.2007869079,,0.2407320829,0.5801150811,0.1895252544,0.3289217877,0.3022459987,0.0791931307,,0.2351750629,0.3758841599,-0.098146499,0.1729969195,-0.379177796,0.1959939827,0.5550998815,0.2496785989,0.0026225461
R5DIABE R5HIBPE,age3_lin age3_sp1 age3_sp2 gender R5EATA R5CANCRE heart1 heart2 R5MEALSA R5MONEYA H5LVALONE R5LUNGE R5PUSHA R5WALKSA bmi3_lin bmi3_sp1 bmi3_sp2 smoking1 smoking2 stroke1 stroke2,2,50,0.1090515378,-0.020299132,-0.039582721,0.4342693267,0.3313007339,0.1925613118,,0.2418556208,0.5081519324,,0.318377519,0.3158303056,0.0786565082,0.5198052486,0.223226804,0.3612468984,-0.089892622,0.167544111,-0.381360723,0.1708738486,0.5018156442,0.246922156,0.061520273
R5DIABE H5LVALONE,age3_lin age3_sp1 age3_sp2 gender R5EATA R5CANCRE heart1 heart2 R5HIBPE R5MEALSA R5MONEYA R5LUNGE R5PUSHA R5WALKSA bmi3_lin bmi3_sp1 bmi3_sp2 smoking1 smoking2 stroke1 stroke2,2,51,0.1109925543,-0.021863911,-0.037682427,0.4236454574,0.3179261016,0.1959774237,,0.2235642547,0.4859981152,0.1868504214,0.3328224065,0.3031863833,,0.5172164698,0.2124135735,0.3508007416,-0.095143877,0.172587481,-0.390798855,0.1743611111,0.5240224175,0.2143975039,0.0358919847
heart1 heart2 stroke1 stroke2,age3_lin age3_sp1 age3_sp2 gender R5EATA R5CANCRE R5DIABE R5HIBPE R5MEALSA R5MONEYA H5LVALONE R5LUNGE R5PUSHA R5WALKSA bmi3_lin bmi3_sp1 bmi3_sp2 smoking1 smoking2,2,52,0.1109975888,-0.027533562,-0.017080646,0.4746826393,0.2937524174,0.2002619888,0.4137924173,,,0.1954566384,0.3630104127,0.3251602794,0.0953036259,0.60929823,0.2385916048,0.3678900507,-0.096852455,0.1619344933,-0.357932589,0.1771995506,0.4947875425,,
heart1 heart2 smoking1 smoking2,age3_lin age3_sp1 age3_sp2 gender R5EATA R5CANCRE R5DIABE R5HIBPE R5MEALSA R5MONEYA H5LVALONE R5LUNGE R5PUSHA R5WALKSA bmi3_lin bmi3_sp1 bmi3_sp2 stroke1 stroke2,2,53,0.1074863813,-0.033667523,0.0002052475,0.5350829123,0.2699470815,0.203767306,0.4136037207,,,0.17641175,0.3852376083,0.2864808556,0.1124945467,0.640224624,0.2423960872,0.3864072528,-0.100480537,0.1630295306,-0.356877034,,,0.256826534,0.0920209405
heart1 heart2 bmi3_lin bmi3_sp1 bmi3_sp2,age3_lin age3_sp1 age3_sp2 gender R5EATA R5CANCRE R5DIABE R5HIBPE R5MEALSA R5MONEYA H5LVALONE R5LUNGE R5PUSHA R5WALKSA smoking1 smoking2 stroke1 stroke2,2,54,0.1140144383,-0.017738921,-0.044617621,0.4120829321,0.2844208361,0.2037273773,0.3701593455,,,0.1463587294,0.3623605312,0.3300459639,0.0879375236,0.6098807587,0.2446415202,0.3209045903,,,,0.1712593532,0.5598806155,0.2659057238,0.0892688812
heart1 heart2 R5WALKSA,age3_lin age3_sp1 age3_sp2 gender R5EATA R5CANCRE R5DIABE R5HIBPE R5MEALSA R5MONEYA H5LVALONE R5LUNGE R5PUSHA bmi3_lin bmi3_sp1 bmi3_sp2 smoking1 smoking2 stroke1 stroke2,2,55,0.1085887754,-0.007022634,-0.067369974,0.4431476115,0.317005885,0.2007224149,0.4351880075,,,0.2002310206,0.433918291,0.3287512426,0.0986764182,0.6488626657,0.3343817405,,-0.098864452,0.1903198838,-0.43575595,0.1833824139,0.5394190778,0.2780955439,0.1271278375
heart1 heart2 R5PUSHA,age3_lin age3_sp1 age3_sp2 gender R5EATA R5CANCRE R5DIABE R5HIBPE R5MEALSA R5MONEYA H5LVALONE R5LUNGE R5WALKSA bmi3_lin bmi3_sp1 bmi3_sp2 smoking1 smoking2 stroke1 stroke2,2,56,0.1129236911,-0.030560211,-0.01012322,0.4183698569,0.3219328434,0.2035069393,0.413385158,,,0.1963214646,0.403432262,0.3197871504,0.0973971622,0.6234031529,,0.4242584409,-0.101669869,0.1788549311,-0.403139682,0.178729423,0.49778697,0.2529179874,0.1057041957
heart1 heart2 R5MONEYA,age3_lin age3_sp1 age3_sp2 gender R5EATA R5CANCRE R5DIABE R5HIBPE R5MEALSA H5LVALONE R5LUNGE R5PUSHA R5WALKSA bmi3_lin bmi3_sp1 bmi3_sp2 smoking1 smoking2 stroke1 stroke2,2,57,0.1126667856,-0.036947561,0.0151811374,0.4698929382,0.3373578968,0.1989915942,0.4142387896,,,0.1913541639,0.4749557165,,0.0987751575,0.6001760992,0.2392845999,0.3649755457,-0.098007511,0.16526126,-0.365844675,0.1695400592,0.4819661628,0.2660450172,0.0815627896
heart1 heart2 R5MEALSA,age3_lin age3_sp1 age3_sp2 gender R5EATA R5CANCRE R5DIABE R5HIBPE R5MONEYA H5LVALONE R5LUNGE R5PUSHA R5WALKSA bmi3_lin bmi3_sp1 bmi3_sp2 smoking1 smoking2 stroke1 stroke2,2,58,0.1107830876,-0.025078335,-0.019308042,0.4637139736,0.4024527777,0.196542637,0.4157328722,,,0.1764663345,,0.4366179209,0.0883888994,0.5933174692,0.2525341892,0.3784145476,-0.098867318,0.1708843979,-0.382493027,0.1762090943,0.5077977977,0.2466040439,0.1106044781
heart1 heart2 R5LUNGE,age3_lin age3_sp1 age3_sp2 gender R5EATA R5CANCRE R5DIABE R5HIBPE R5MEALSA R5MONEYA H5LVALONE R5PUSHA R5WALKSA bmi3_lin bmi3_sp1 bmi3_sp2 smoking1 smoking2 stroke1 stroke2,2,59,0.1055826935,-0.010888771,-0.062669688,0.4791120977,0.2654772873,0.2054280112,0.3883703214,,,0.1892518171,0.3530129975,0.3192125518,0.0889658948,,0.2643365132,0.3957670708,-0.099639651,0.1651035707,-0.35388979,0.2020405214,0.5376666487,0.2966199514,0.030626827
heart1 heart2 R5HIBPE,age3_lin age3_sp1 age3_sp2 gender R5EATA R5CANCRE R5DIABE R5MEALSA R5MONEYA H5LVALONE R5LUNGE R5PUSHA R5WALKSA bmi3_lin bmi3_sp1 bmi3_sp2 smoking1 smoking2 stroke1 stroke2,2,60,0.1098318213,-0.021647945,-0.032924667,0.458197338,0.2911496685,0.1974087626,0.4345120893,,,,0.3383134937,0.3256583084,0.090350182,0.6009284258,0.2478247431,0.37144493,-0.092169724,0.1615344782,-0.363449189,0.1747666929,0.4767859036,0.2816726392,0.0837622424
heart1 heart2 H5LVALONE,age3_lin age3_sp1 age3_sp2 gender R5EATA R5CANCRE R5DIABE R5HIBPE R5MEALSA R5MONEYA R5LUNGE R5PUSHA R5WALKSA bmi3_lin bmi3_sp1 bmi3_sp2 smoking1 smoking2 stroke1 stroke2,2,61,0.111946575,-0.023544839,-0.03080874,0.442627369,0.2786781886,0.1997874508,0.4052424724,,,0.1829045698,0.3526162846,0.3141263678,,0.5937825689,0.2364345358,0.3615680192,-0.096874491,0.1657464331,-0.3701351,0.1784161021,0.5008365972,0.2489396744,0.0564154099
R5HIBPE stroke1 stroke2,age3_lin age3_sp1 age3_sp2 gender R5EATA R5CANCRE R5DIABE heart1 heart2 R5MEALSA R5MONEYA H5LVALONE R5LUNGE R5PUSHA R5WALKSA bmi3_lin bmi3_sp1 bmi3_sp2 smoking1 smoking2,2,62,0.1101430686,-0.030044671,-0.001905445,0.4328630753,0.3477868819,0.190837748,0.4090600851,0.2273122569,0.4926806083,,0.3015503166,0.3168782611,0.09083582,0.5562314066,0.2215665121,0.3495640454,-0.093598524,0.1651553903,-0.375443111,0.1735297519,0.4962922677,,
R5HIBPE smoking1 smoking2,age3_lin age3_sp1 age3_sp2 gender R5EATA R5CANCRE R5DIABE heart1 heart2 R5MEALSA R5MONEYA H5LVALONE R5LUNGE R5PUSHA R5WALKSA bmi3_lin bmi3_sp1 bmi3_sp2 stroke1 stroke2,2,63,0.1066442704,-0.03437918,0.0083828871,0.4965017322,0.3271469164,0.1937657095,0.4097385259,0.2154115642,0.4577777083,,0.3325723313,0.2814605807,0.110256808,0.5881207281,0.2252154838,0.3703605417,-0.097217308,0.1644987735,-0.368077946,,,0.244993338,0.0659328315
R5HIBPE bmi3_lin bmi3_sp1 bmi3_sp2,age3_lin age3_sp1 age3_sp2 gender R5EATA R5CANCRE R5DIABE heart1 heart2 R5MEALSA R5MONEYA H5LVALONE R5LUNGE R5PUSHA R5WALKSA smoking1 smoking2 stroke1 stroke2,2,64,0.1133043887,-0.02213243,-0.024658926,0.3782424212,0.3381384921,0.1955422599,0.3651334152,0.2170252581,0.4658639325,,0.3124623111,0.3170092871,0.0862811839,0.5591086275,0.2284459215,0.3052433253,,,,0.1677732437,0.5576584955,0.2436814559,0.0536689565
R5HIBPE R5WALKSA,age3_lin age3_sp1 age3_sp2 gender R5EATA R5CANCRE R5DIABE heart1 heart2 R5MEALSA R5MONEYA H5LVALONE R5LUNGE R5PUSHA bmi3_lin bmi3_sp1 bmi3_sp2 smoking1 smoking2 stroke1 stroke2,2,65,0.1071202201,-0.00729753,-0.057803694,0.4010350837,0.3788732053,0.1923238373,0.4280816712,0.2403766041,0.5352067088,,0.3677370623,0.3203425482,0.0917195211,0.5890122528,0.3119482778,,-0.095534943,0.1925145107,-0.450918833,0.1793383349,0.5403121524,0.2620757745,0.0858541359
R5HIBPE R5PUSHA,age3_lin age3_sp1 age3_sp2 gender R5EATA R5CANCRE R5DIABE heart1 heart2 R5MEALSA R5MONEYA H5LVALONE R5LUNGE R5WALKSA bmi3_lin bmi3_sp1 bmi3_sp2 smoking1 smoking2 stroke1 stroke2,2,66,0.111865306,-0.032239725,0.0023727629,0.3810232871,0.3803708079,0.1943190555,0.4085570372,0.2343816912,0.5063922782,,0.3421639331,0.3135287664,0.0922351787,0.5672295359,,0.4021062613,-0.098203522,0.1804058514,-0.415254722,0.1752046657,0.4963257127,0.2377071648,0.0674143992
R5HIBPE R5MONEYA,age3_lin age3_sp1 age3_sp2 gender R5EATA R5CANCRE R5DIABE heart1 heart2 R5MEALSA H5LVALONE R5LUNGE R5PUSHA R5WALKSA bmi3_lin bmi3_sp1 bmi3_sp2 smoking1 smoking2 stroke1 stroke2,2,67,0.111854207,-0.037876452,0.0246841321,0.4305383961,0.3972894543,0.190667806,0.4089968524,0.216643426,0.5004880029,,0.4144077402,,0.0944377555,0.5463641671,0.2236920838,0.3476522473,-0.094543841,0.1674835707,-0.380201448,0.1665795901,0.4833152034,0.2503699905,0.0486508058
R5HIBPE R5MEALSA,age3_lin age3_sp1 age3_sp2 gender R5EATA R5CANCRE R5DIABE heart1 heart2 R5MONEYA H5LVALONE R5LUNGE R5PUSHA R5WALKSA bmi3_lin bmi3_sp1 bmi3_sp2 smoking1 smoking2 stroke1 stroke2,2,68,0.1100197156,-0.026976141,-0.007456243,0.425602108,0.4426066049,0.1876005656,0.4098417091,0.2279355037,0.4857331468,,,0.4100225767,0.0857559291,0.5410646124,0.2339114022,0.3577919992,-0.095585442,0.1721831931,-0.394038824,0.1727768471,0.5085076136,0.2301054573,0.0718338789
R5HIBPE R5LUNGE,age3_lin age3_sp1 age3_sp2 gender R5EATA R5CANCRE R5DIABE heart1 heart2 R5MEALSA R5MONEYA H5LVALONE R5PUSHA R5WALKSA bmi3_lin bmi3_sp1 bmi3_sp2 smoking1 smoking2 stroke1 stroke2,2,69,0.1051952503,-0.013573547,-0.04736858,0.435208533,0.332516366,0.1952560634,0.383736399,0.2371366884,0.5762345318,,0.2940419096,0.3072715281,0.0839634951,,0.2435870471,0.3724545433,-0.097018388,0.170371033,-0.378447364,0.1962235079,0.5346475034,0.2719207573,-0.005742875
R5HIBPE H5LVALONE,age3_lin age3_sp1 age3_sp2 gender R5EATA R5CANCRE R5DIABE heart1 heart2 R5MEALSA R5MONEYA R5LUNGE R5PUSHA R5WALKSA bmi3_lin bmi3_sp1 bmi3_sp2 smoking1 smoking2 stroke1 stroke2,2,70,0.1112347168,-0.025649096,-0.017788862,0.4050175895,0.3370770186,0.1908289089,0.400808887,0.2171054679,0.4774566508,,0.2978363946,0.3089488952,,0.5421024211,0.2207439087,0.3441288708,-0.094096134,0.169043069,-0.387035476,0.1755000622,0.5030832736,0.2341780859,0.0232761814
R5MEALSA stroke1 stroke2,age3_lin age3_sp1 age3_sp2 gender R5EATA R5CANCRE R5DIABE heart1 heart2 R5HIBPE R5MONEYA H5LVALONE R5LUNGE R5PUSHA R5WALKSA bmi3_lin bmi3_sp1 bmi3_sp2 smoking1 smoking2,2,71,0.1105737159,-0.030139231,0.0016590196,0.4403995458,0.4507944865,0.1913877618,0.3926854922,0.2229098647,0.4853910281,0.1661488327,,0.4152721958,0.0888965256,0.5466298396,0.2270180714,0.3560443826,-0.099873858,0.1735106275,-0.39247592,0.1754089703,0.5248993626,,
R5MEALSA smoking1 smoking2,age3_lin age3_sp1 age3_sp2 gender R5EATA R5CANCRE R5DIABE heart1 heart2 R5HIBPE R5MONEYA H5LVALONE R5LUNGE R5PUSHA R5WALKSA bmi3_lin bmi3_sp1 bmi3_sp2 stroke1 stroke2,2,72,0.1066241416,-0.03558608,0.0174497745,0.5031658015,0.4395702379,0.1945558504,0.3928346609,0.2132460442,0.4523860163,0.1487156519,,0.3923791425,0.1088973938,0.5846092803,0.2327679613,0.3784105824,-0.103909874,0.1746900236,-0.390634881,,,0.215154585,0.0885067108
R5MEALSA bmi3_lin bmi3_sp1 bmi3_sp2,age3_lin age3_sp1 age3_sp2 gender R5EATA R5CANCRE R5DIABE heart1 heart2 R5HIBPE R5MONEYA H5LVALONE R5LUNGE R5PUSHA R5WALKSA smoking1 smoking2 stroke1 stroke2,2,73,0.113642915,-0.020676147,-0.024478743,0.3774651178,0.4450108456,0.1942070527,0.3524102354,0.2166142718,0.4624629645,0.1184802673,,0.4190242727,0.0826088204,0.5520559221,0.2346989224,0.3121598649,,,,0.1691783449,0.5884241897,0.2222077229,0.0826695579
R5MEALSA R5WALKSA,age3_lin age3_sp1 age3_sp2 gender R5EATA R5CANCRE R5DIABE heart1 heart2 R5HIBPE R5MONEYA H5LVALONE R5LUNGE R5PUSHA bmi3_lin bmi3_sp1 bmi3_sp2 smoking1 smoking2 stroke1 stroke2,2,74,0.1079143134,-0.009102644,-0.048241204,0.4071186105,0.5024864678,0.1912862288,0.4129802818,0.2389041777,0.532747771,0.1700079536,,0.4402007106,0.0902420056,0.5825781571,0.3206897866,,-0.102567446,0.2035108923,-0.475185621,0.18043001,0.5711653821,0.2296316901,0.1234500252
R5MEALSA R5PUSHA,age3_lin age3_sp1 age3_sp2 gender R5EATA R5CANCRE R5DIABE heart1 heart2 R5HIBPE R5MONEYA H5LVALONE R5LUNGE R5WALKSA bmi3_lin bmi3_sp1 bmi3_sp2 smoking1 smoking2 stroke1 stroke2,2,75,0.1126754988,-0.034783466,0.0144456681,0.385628336,0.496543128,0.1951390265,0.3922159766,0.2320104459,0.501240078,0.1673517919,,0.4233245485,0.0899885001,0.5611107287,,0.4111182324,-0.10446214,0.1891328297,-0.433489001,0.17720295,0.527795331,0.2053953736,0.0981911913
R5MEALSA R5MONEYA,age3_lin age3_sp1 age3_sp2 gender R5EATA R5CANCRE R5DIABE heart1 heart2 R5HIBPE H5LVALONE R5LUNGE R5PUSHA R5WALKSA bmi3_lin bmi3_sp1 bmi3_sp2 smoking1 smoking2 stroke1 stroke2,2,76,0.1137910891,-0.04463598,0.0517841181,0.4329106558,0.5771067394,0.1881066648,0.3987924787,0.2185437613,0.5113691643,0.162008011,,,0.0910773685,0.5387457149,0.2356179219,0.362707971,-0.101385845,0.1774857994,-0.401282621,0.1649283462,0.5183469477,0.2211999001,0.112772979
R5MEALSA R5LUNGE,age3_lin age3_sp1 age3_sp2 gender R5EATA R5CANCRE R5DIABE heart1 heart2 R5HIBPE R5MONEYA H5LVALONE R5PUSHA R5WALKSA bmi3_lin bmi3_sp1 bmi3_sp2 smoking1 smoking2 stroke1 stroke2,2,77,0.105553173,-0.014554611,-0.040104971,0.4409989181,0.4297939753,0.1957740576,0.3691547665,0.2329386878,0.5696863238,0.1608863476,,0.4037678333,0.0821068658,,0.2478593713,0.3775063957,-0.102391143,0.1763646979,-0.38874076,0.1978049594,0.5641951011,0.2401869265,0.0190480817
R5MEALSA H5LVALONE,age3_lin age3_sp1 age3_sp2 gender R5EATA R5CANCRE R5DIABE heart1 heart2 R5HIBPE R5MONEYA R5LUNGE R5PUSHA R5WALKSA bmi3_lin bmi3_sp1 bmi3_sp2 smoking1 smoking2 stroke1 stroke2,2,78,0.1117430096,-0.026891161,-0.010401028,0.411540169,0.4332244635,0.1912323506,0.3859877764,0.2139653182,0.4708499441,0.1564985147,,0.4057821815,,0.5354670471,0.2254373676,0.3506266671,-0.099893929,0.1768139489,-0.403071559,0.1768666292,0.5307108332,0.204424953,0.050449583
R5MONEYA stroke1 stroke2,age3_lin age3_sp1 age3_sp2 gender R5EATA R5CANCRE R5DIABE heart1 heart2 R5HIBPE R5MEALSA H5LVALONE R5LUNGE R5PUSHA R5WALKSA bmi3_lin bmi3_sp1 bmi3_sp2 smoking1 smoking2,2,79,0.1128348423,-0.043004161,0.0386598295,0.4459057282,0.3963723346,0.1939667957,0.390699314,0.2102843551,0.4968740827,0.1806827206,0.4327852843,,0.098452261,0.5546958813,0.2143870681,0.343678283,-0.098809642,0.1679501397,-0.375971911,0.1687404675,0.5021334814,,
R5MONEYA smoking1 smoking2,age3_lin age3_sp1 age3_sp2 gender R5EATA R5CANCRE R5DIABE heart1 heart2 R5HIBPE R5MEALSA H5LVALONE R5LUNGE R5PUSHA R5WALKSA bmi3_lin bmi3_sp1 bmi3_sp2 stroke1 stroke2,2,80,0.1091715183,-0.047108133,0.0484346042,0.5065788775,0.3667260296,0.1969843229,0.3929503254,0.200207578,0.459009416,0.1623114044,0.4506626908,,0.1167255987,0.5882387672,0.219299465,0.365537522,-0.101973854,0.167167025,-0.369308543,,,0.2330339332,0.0698702655
R5MONEYA bmi3_lin bmi3_sp1 bmi3_sp2,age3_lin age3_sp1 age3_sp2 gender R5EATA R5CANCRE R5DIABE heart1 heart2 R5HIBPE R5MEALSA H5LVALONE R5LUNGE R5PUSHA R5WALKSA smoking1 smoking2 stroke1 stroke2,2,81,0.1161821512,-0.034051781,0.0131357517,0.384959822,0.3919135288,0.1974132136,0.3497935588,0.2050674504,0.4768131177,0.1326265062,0.4381604607,,0.0923666428,0.5583084449,0.2243858197,0.2969897897,,,,0.1621627013,0.5646994815,0.2390988943,0.0614237466
R5MONEYA R5WALKSA,age3_lin age3_sp1 age3_sp2 gender R5EATA R5CANCRE R5DIABE heart1 heart2 R5HIBPE R5MEALSA H5LVALONE R5LUNGE R5PUSHA bmi3_lin bmi3_sp1 bmi3_sp2 smoking1 smoking2 stroke1 stroke2,2,82,0.1103050342,-0.021927326,-0.013696124,0.414347559,0.4281709944,0.1948334837,0.4086081001,0.2228708298,0.5400484762,0.1853270805,0.5001174689,,0.0995023238,0.5856677018,0.3027040375,,-0.100707233,0.1946119274,-0.449239741,0.1749203858,0.5457169383,0.2473291674,0.0898175089
R5MONEYA R5PUSHA,age3_lin age3_sp1 age3_sp2 gender R5EATA R5CANCRE R5DIABE heart1 heart2 R5HIBPE R5MEALSA H5LVALONE R5LUNGE R5WALKSA bmi3_lin bmi3_sp1 bmi3_sp2 smoking1 smoking2 stroke1 stroke2,2,83,0.1144664618,-0.045211753,0.0438584031,0.3955159487,0.4279743152,0.1966497476,0.3899379209,0.2174951732,0.508803633,0.1814229107,0.4691647453,,0.1002465185,0.5669094213,,0.394175742,-0.103382336,0.1830853342,-0.415483545,0.1712038128,0.502290498,0.2229262279,0.071912203
R5MONEYA R5LUNGE,age3_lin age3_sp1 age3_sp2 gender R5EATA R5CANCRE R5DIABE heart1 heart2 R5HIBPE R5MEALSA H5LVALONE R5PUSHA R5WALKSA bmi3_lin bmi3_sp1 bmi3_sp2 smoking1 smoking2 stroke1 stroke2,2,84,0.1073411055,-0.024308399,-0.012575052,0.4473167254,0.3795375272,0.1982949931,0.3663586969,0.2200539683,0.5831097009,0.1739594873,0.4216384048,,0.0913062251,,0.2376494632,0.3654117225,-0.101776764,0.1721505841,-0.375606873,0.1919403446,0.5408816357,0.2582515947,-0.003719636
R5MONEYA H5LVALONE,age3_lin age3_sp1 age3_sp2 gender R5EATA R5CANCRE R5DIABE heart1 heart2 R5HIBPE R5MEALSA R5LUNGE R5PUSHA R5WALKSA bmi3_lin bmi3_sp1 bmi3_sp2 smoking1 smoking2 stroke1 stroke2,2,85,0.1140795637,-0.039212004,0.02475086,0.415286856,0.3843282405,0.1938082313,0.383233792,0.2011972211,0.4821198252,0.170264257,0.4252512037,,,0.5412272278,0.2142712382,0.3386987079,-0.098947088,0.1713917092,-0.386452178,0.1711616247,0.5084355179,0.2216012869,0.0266175617
H5LVALONE stroke1 stroke2,age3_lin age3_sp1 age3_sp2 gender R5EATA R5CANCRE R5DIABE heart1 heart2 R5HIBPE R5MEALSA R5MONEYA R5LUNGE R5PUSHA R5WALKSA bmi3_lin bmi3_sp1 bmi3_sp2 smoking1 smoking2,2,86,0.1121913446,-0.030980422,-0.002523064,0.4180585996,0.3314885977,0.1944812399,0.3821818881,0.2099343652,0.4724018124,0.1717627082,0.3140405834,0.303924659,,0.5502725675,0.211137223,0.3397454312,-0.098162108,0.1697575673,-0.383726246,0.1776034489,0.519145471,,
H5LVALONE smoking1 smoking2,age3_lin age3_sp1 age3_sp2 gender R5EATA R5CANCRE R5DIABE heart1 heart2 R5HIBPE R5MEALSA R5MONEYA R5LUNGE R5PUSHA R5WALKSA bmi3_lin bmi3_sp1 bmi3_sp2 stroke1 stroke2,2,87,0.108608185,-0.034288174,0.0048422592,0.4779785225,0.3152858518,0.1974957813,0.3844863581,0.2000147025,0.4390179186,0.1545577007,0.3436672564,0.2728108908,,0.5853282612,0.2180012998,0.3631467632,-0.101613823,0.1689181452,-0.376426613,,,0.2201049305,0.0420272955
H5LVALONE bmi3_lin bmi3_sp1 bmi3_sp2,age3_lin age3_sp1 age3_sp2 gender R5EATA R5CANCRE R5DIABE heart1 heart2 R5HIBPE R5MEALSA R5MONEYA R5LUNGE R5PUSHA R5WALKSA smoking1 smoking2 stroke1 stroke2,2,88,0.115026522,-0.020308641,-0.032798534,0.3605645765,0.3295558105,0.1973714508,0.3425051972,0.2050055652,0.4516548015,0.1258083461,0.3222166438,0.3115879629,,0.5544554232,0.2211492238,0.2956853531,,,,0.1713792421,0.5826786691,0.2248759601,0.0357566087
H5LVALONE R5WALKSA,age3_lin age3_sp1 age3_sp2 gender R5EATA R5CANCRE R5DIABE heart1 heart2 R5HIBPE R5MEALSA R5MONEYA R5LUNGE R5PUSHA bmi3_lin bmi3_sp1 bmi3_sp2 smoking1 smoking2 stroke1 stroke2,2,89,0.1095052328,-0.008983159,-0.057589007,0.3869765726,0.3638902741,0.1952067403,0.4012541545,0.2241783584,0.5174976925,0.1768038545,0.3817404061,0.3082401126,,0.5815196448,0.2993663326,,-0.100076992,0.1961319453,-0.45665413,0.1833545626,0.5624333436,0.2331200604,0.0622932847
H5LVALONE R5PUSHA,age3_lin age3_sp1 age3_sp2 gender R5EATA R5CANCRE R5DIABE heart1 heart2 R5HIBPE R5MEALSA R5MONEYA R5LUNGE R5WALKSA bmi3_lin bmi3_sp1 bmi3_sp2 smoking1 smoking2 stroke1 stroke2,2,90,0.1138546355,-0.032851253,0.0010636957,0.3685070514,0.3655146132,0.1973043822,0.3821990505,0.218035752,0.4875212171,0.1731608332,0.3535438358,0.302569976,,0.561516462,,0.3906077657,-0.102315636,0.1832305636,-0.41837813,0.1799958506,0.5211577873,0.2086938365,0.0437918517
H5LVALONE R5LUNGE,age3_lin age3_sp1 age3_sp2 gender R5EATA R5CANCRE R5DIABE heart1 heart2 R5HIBPE R5MEALSA R5MONEYA R5PUSHA R5WALKSA bmi3_lin bmi3_sp1 bmi3_sp2 smoking1 smoking2 stroke1 stroke2,2,91,0.1070424212,-0.014255517,-0.048333181,0.4222480174,0.3220177472,0.1989287473,0.3598318407,0.2212664962,0.5609095342,0.1663279749,0.3061271751,0.297041787,,,0.2345873051,0.3630043158,-0.101048402,0.1731526621,-0.381005034,0.2004216614,0.5583368258,0.242817159,-0.027487124
R5LUNGE stroke1 stroke2,age3_lin age3_sp1 age3_sp2 gender R5EATA R5CANCRE R5DIABE heart1 heart2 R5HIBPE R5MEALSA R5MONEYA H5LVALONE R5PUSHA R5WALKSA bmi3_lin bmi3_sp1 bmi3_sp2 smoking1 smoking2,2,92,0.1059496032,-0.019033257,-0.03079914,0.4492897143,0.3227828089,0.1985394663,0.3641117921,0.2300711275,0.5739444428,0.1763975286,0.3045601516,0.3021380265,0.0876868069,,0.2332981039,0.3668715064,-0.101167485,0.1707631546,-0.373013575,0.1987594963,0.5517785233,,
R5LUNGE smoking1 smoking2,age3_lin age3_sp1 age3_sp2 gender R5EATA R5CANCRE R5DIABE heart1 heart2 R5HIBPE R5MEALSA R5MONEYA H5LVALONE R5PUSHA R5WALKSA bmi3_lin bmi3_sp1 bmi3_sp2 stroke1 stroke2,2,93,0.1026923609,-0.02566357,-0.015749049,0.5224943853,0.3124970852,0.2037168406,0.3669246444,0.2220463787,0.548360523,0.1572617772,0.3435775902,0.2686988328,0.1091166253,,0.2419405904,0.3953071423,-0.10507532,0.1702432362,-0.365251364,,,0.2610468409,0.011745995
R5LUNGE bmi3_lin bmi3_sp1 bmi3_sp2,age3_lin age3_sp1 age3_sp2 gender R5EATA R5CANCRE R5DIABE heart1 heart2 R5HIBPE R5MEALSA R5MONEYA H5LVALONE R5PUSHA R5WALKSA smoking1 smoking2 stroke1 stroke2,2,94,0.1086876685,-0.006044849,-0.068386676,0.3868888824,0.3206898058,0.2019583432,0.3268459326,0.2220847581,0.5595954786,0.1294931362,0.3160291093,0.3091708399,0.0815337569,,0.2455435472,0.3248057091,,,,0.1932352528,0.6171772296,0.2620786935,0.0054376795
R5LUNGE R5WALKSA,age3_lin age3_sp1 age3_sp2 gender R5EATA R5CANCRE R5DIABE heart1 heart2 R5HIBPE R5MEALSA R5MONEYA H5LVALONE R5PUSHA bmi3_lin bmi3_sp1 bmi3_sp2 smoking1 smoking2 stroke1 stroke2,2,95,0.103082531,0.0052164795,-0.092294831,0.4169782744,0.3647510888,0.200695676,0.3834662767,0.2453766024,0.6314227751,0.1831801281,0.3840454143,0.3057132815,0.0887085488,,0.3306279225,,-0.103780911,0.201121711,-0.457503944,0.2071182472,0.6033851794,0.2743868056,0.0378376831
R5LUNGE R5PUSHA,age3_lin age3_sp1 age3_sp2 gender R5EATA R5CANCRE R5DIABE heart1 heart2 R5HIBPE R5MEALSA R5MONEYA H5LVALONE R5WALKSA bmi3_lin bmi3_sp1 bmi3_sp2 smoking1 smoking2 stroke1 stroke2,2,96,0.1075981307,-0.020514429,-0.028625296,0.3938723779,0.3665760696,0.2022928508,0.3650182605,0.2390242545,0.5925963976,0.1776291394,0.3532863001,0.3031957568,0.0891666841,,,0.4243746719,-0.10568298,0.1853932456,-0.41165356,0.2021205139,0.5541054532,0.2474013549,0.0178268471
R5PUSHA stroke1 stroke2,age3_lin age3_sp1 age3_sp2 gender R5EATA R5CANCRE R5DIABE heart1 heart2 R5HIBPE R5MEALSA R5MONEYA H5LVALONE R5LUNGE R5WALKSA bmi3_lin bmi3_sp1 bmi3_sp2 smoking1 smoking2,2,97,0.1124775275,-0.035836483,0.0127528821,0.3989023298,0.3792050423,0.1981328714,0.3898280089,0.2267781414,0.500774845,0.1832344823,0.361678526,0.3088475383,0.0960239873,0.5738147802,,0.3960193506,-0.102431623,0.1805559245,-0.409849108,0.1781077053,0.5150143981,,
R5PUSHA smoking1 smoking2,age3_lin age3_sp1 age3_sp2 gender R5EATA R5CANCRE R5DIABE heart1 heart2 R5HIBPE R5MEALSA R5MONEYA H5LVALONE R5LUNGE R5WALKSA bmi3_lin bmi3_sp1 bmi3_sp2 stroke1 stroke2,2,98,0.1091702785,-0.04231923,0.0290228397,0.4610489808,0.3595985895,0.2010827486,0.3916487792,0.2173958732,0.4694377858,0.165673563,0.3887787359,0.2761839946,0.1166921835,0.6098488905,,0.4198724045,-0.105794676,0.1806944098,-0.40629362,,,0.2228156372,0.0839955874
R5PUSHA bmi3_lin bmi3_sp1 bmi3_sp2,age3_lin age3_sp1 age3_sp2 gender R5EATA R5CANCRE R5DIABE heart1 heart2 R5HIBPE R5MEALSA R5MONEYA H5LVALONE R5LUNGE R5WALKSA smoking1 smoking2 stroke1 stroke2,2,99,0.1156524529,-0.027540504,-0.009731346,0.3354918412,0.3721247281,0.200936037,0.3481781015,0.2206962731,0.4797550335,0.137035112,0.3655086793,0.3172955174,0.0903249275,0.5807683847,,0.3545550223,,,,0.1706327387,0.5755650683,0.2267731859,0.0784094176
R5PUSHA R5WALKSA,age3_lin age3_sp1 age3_sp2 gender R5EATA R5CANCRE R5DIABE heart1 heart2 R5HIBPE R5MEALSA R5MONEYA H5LVALONE R5LUNGE bmi3_lin bmi3_sp1 bmi3_sp2 smoking1 smoking2 stroke1 stroke2,2,100,0.1107576509,-0.015248713,-0.035379298,0.3377001642,0.4351283745,0.2009883821,0.412840177,0.2519479075,0.571269137,0.1951533993,0.4585296339,0.3175210174,0.0969309387,0.6253652391,,,-0.106853208,0.2190468186,-0.514382535,0.1870586034,0.5727529507,0.2400116323,0.1298996721
R5WALKSA stroke1 stroke2,age3_lin age3_sp1 age3_sp2 gender R5EATA R5CANCRE R5DIABE heart1 heart2 R5HIBPE R5MEALSA R5MONEYA H5LVALONE R5LUNGE R5PUSHA bmi3_lin bmi3_sp1 bmi3_sp2 smoking1 smoking2,2,101,0.1083850304,-0.01307854,-0.042851074,0.4185573103,0.3813943881,0.1959084913,0.4087971229,0.2334993715,0.5334376029,0.1879668481,0.3914652123,0.3175266814,0.0959595983,0.5950806747,0.3028075069,,-0.099965476,0.1923515138,-0.44436769,0.1814572424,0.5582221646,,
R5WALKSA smoking1 smoking2,age3_lin age3_sp1 age3_sp2 gender R5EATA R5CANCRE R5DIABE heart1 heart2 R5HIBPE R5MEALSA R5MONEYA H5LVALONE R5LUNGE R5PUSHA bmi3_lin bmi3_sp1 bmi3_sp2 stroke1 stroke2,2,102,0.104544786,-0.01874913,-0.026876785,0.4803673461,0.361310518,0.1980688364,0.4128583148,0.2233782467,0.4984684976,0.1705542495,0.4185237056,0.2849209932,0.1164569778,0.6377179246,0.3144203092,,-0.103837211,0.1941573593,-0.444563761,,,0.2457560652,0.1108021636
R5WALKSA bmi3_lin bmi3_sp1 bmi3_sp2,age3_lin age3_sp1 age3_sp2 gender R5EATA R5CANCRE R5DIABE heart1 heart2 R5HIBPE R5MEALSA R5MONEYA H5LVALONE R5LUNGE R5PUSHA smoking1 smoking2 stroke1 stroke2,2,103,0.1101938936,-0.004273615,-0.066991392,0.3624638151,0.3613736247,0.1976457406,0.3736763874,0.2240462299,0.5059108216,0.1442894604,0.3915421804,0.3153148494,0.0900947395,0.5972397085,0.3038397174,,,,,0.173376142,0.602601213,0.2422970717,0.0838953976
bmi3_lin bmi3_sp1 bmi3_sp2 stroke1 stroke2,age3_lin age3_sp1 age3_sp2 gender R5EATA R5CANCRE R5DIABE heart1 heart2 R5HIBPE R5MEALSA R5MONEYA H5LVALONE R5LUNGE R5PUSHA R5WALKSA smoking1 smoking2,2,104,0.1142220275,-0.025040842,-0.016309106,0.3874666892,0.3410637522,0.1974314945,0.3486751974,0.2137881004,0.4669909986,0.1343842442,0.3283552765,0.317717286,0.0878694175,0.5669707536,0.2215329334,0.2992334843,,,,0.1692204905,0.5777667553,,
bmi3_lin bmi3_sp1 bmi3_sp2 smoking1 smoking2,age3_lin age3_sp1 age3_sp2 gender R5EATA R5CANCRE R5DIABE heart1 heart2 R5HIBPE R5MEALSA R5MONEYA H5LVALONE R5LUNGE R5PUSHA R5WALKSA stroke1 stroke2,2,105,0.1105894875,-0.029878728,-0.004050464,0.4462239436,0.3236551763,0.1999465898,0.3476034573,0.2049337196,0.4292363446,0.1115017038,0.3603787547,0.2849329111,0.1103819208,0.6049551803,0.2249095951,0.317090477,,,,,,0.239956207,0.0849079857
smoking1 smoking2 stroke1 stroke2,age3_lin age3_sp1 age3_sp2 gender R5EATA R5CANCRE R5DIABE heart1 heart2 R5HIBPE R5MEALSA R5MONEYA H5LVALONE R5LUNGE R5PUSHA R5WALKSA bmi3_lin bmi3_sp1 bmi3_sp2,2,106,0.1072740047,-0.039132395,0.022327151,0.5120505991,0.3316908622,0.1982342994,0.3922061647,0.2094309771,0.4528063875,0.1653729337,0.3500586335,0.2803912896,0.1141937285,0.5979423765,0.2184660604,0.3678029971,-0.10140288,0.1654539518,-0.366039823,,,,
