DELEVAR,VARINMODEL,nummissvar,modelnum,So_ADL_t1,So_ADL_t2,So_ADL_t3,So_ADL_t4,So_ADL_t5,So_ADL_t6,So_ADL_t7,So_ADL_t8,So_ADL_t9,So_ADL_t10,So_ADL_t11,So_ADL_t12,So_ADL_t13,So_ADL_t14,So_ADL_t15,So_ADL_t16,So_ADL_t17,So_ADL_t18,So_ADL_t19
all except age,age3_lin age3_sp1 age3_sp2,15,0,0.9984260972,0.9946624764,0.9931951242,0.989651735,0.9873771869,0.9836414257,0.9814785355,0.9780327953,0.9764827521,0.9717498188,0.970345996,0.9660238431,0.9641060003,0.960937207,0.9595603415,0.9563850985,0.9558057597,0.9548548408,0.9548548408
,age3_lin age3_sp1 age3_sp2 gender R5EATA R5CANCRE R5DIABE heart1 heart2 R5HIBPE R5MEALSA R5MONEYA H5LVALONE R5LUNGE R5PUSHA R5WALKSA bmi3_lin bmi3_sp1 bmi3_sp2 smoking1 smoking2 stroke1 stroke2,0,1,0.9990800863,0.9968361817,0.9959531044,0.9938059769,0.9924207448,0.9901330373,0.9888031318,0.9866752328,0.9857157404,0.9827769024,0.9819051576,0.9792222041,0.9780316234,0.9760623541,0.9752074898,0.973235779,0.9728771948,0.9722895542,0.9722895542
R5EATA,age3_lin age3_sp1 age3_sp2 gender R5CANCRE R5DIABE heart1 heart2 R5HIBPE R5MEALSA R5MONEYA H5LVALONE R5LUNGE R5PUSHA R5WALKSA bmi3_lin bmi3_sp1 bmi3_sp2 smoking1 smoking2 stroke1 stroke2,1,2,0.9990859541,0.9968569204,0.9959803008,0.9938488766,0.9924736343,0.990201957,0.9888816123,0.9867689262,0.9858161818,0.9828990205,0.9820335453,0.9793700005,0.9781878802,0.9762323296,0.9753832983,0.9734248754,0.9730687013,0.9724849995,0.9724849995
R5CANCRE,age3_lin age3_sp1 age3_sp2 gender R5EATA R5DIABE heart1 heart2 R5HIBPE R5MEALSA R5MONEYA H5LVALONE R5LUNGE R5PUSHA R5WALKSA bmi3_lin bmi3_sp1 bmi3_sp2 smoking1 smoking2 stroke1 stroke2,1,3,0.9990820722,0.9968433892,0.9959626347,0.9938212265,0.992439931,0.9901582725,0.9888317561,0.9867095228,0.985752356,0.9828202379,0.9819505558,0.979273961,0.9780860199,0.9761212278,0.975268348,0.9733011821,0.9729434017,0.9723570452,0.9723570452
R5DIABE,age3_lin age3_sp1 age3_sp2 gender R5EATA R5CANCRE heart1 heart2 R5HIBPE R5MEALSA R5MONEYA H5LVALONE R5LUNGE R5PUSHA R5WALKSA bmi3_lin bmi3_sp1 bmi3_sp2 smoking1 smoking2 stroke1 stroke2,1,4,0.9991241271,0.9969879095,0.9961476792,0.9941060491,0.9927894196,0.9906148953,0.9893504594,0.987327498,0.9864153335,0.9836220535,0.9827932875,0.9802422543,0.9791097467,0.9772359744,0.9764222405,0.9745446115,0.9742029655,0.9736430095,0.9736430095
heart1 heart2,age3_lin age3_sp1 age3_sp2 gender R5EATA R5CANCRE R5DIABE R5HIBPE R5MEALSA R5MONEYA H5LVALONE R5LUNGE R5PUSHA R5WALKSA bmi3_lin bmi3_sp1 bmi3_sp2 smoking1 smoking2 stroke1 stroke2,1,5,0.9991311628,0.9970119273,0.9961779175,0.9941501699,0.9928420385,0.9906814898,0.9894253596,0.9874148233,0.9865082654,0.9837314491,0.9829075676,0.9803719573,0.9792468121,0.9773858264,0.9765778941,0.9747144323,0.9743755416,0.9738201728,0.9738201728
R5HIBPE,age3_lin age3_sp1 age3_sp2 gender R5EATA R5CANCRE R5DIABE heart1 heart2 R5MEALSA R5MONEYA H5LVALONE R5LUNGE R5PUSHA R5WALKSA bmi3_lin bmi3_sp1 bmi3_sp2 smoking1 smoking2 stroke1 stroke2,1,6,0.9990727398,0.9968107638,0.9959205981,0.9937560417,0.9923596895,0.9900545051,0.9887149198,0.986571924,0.9856056726,0.9826464604,0.9817687386,0.979067103,0.9778682743,0.9758850097,0.9750240439,0.9730379528,0.9726766936,0.9720845805,0.9720845805
R5MEALSA,age3_lin age3_sp1 age3_sp2 gender R5EATA R5CANCRE R5DIABE heart1 heart2 R5HIBPE R5MONEYA H5LVALONE R5LUNGE R5PUSHA R5WALKSA bmi3_lin bmi3_sp1 bmi3_sp2 smoking1 smoking2 stroke1 stroke2,1,7,0.9990295743,0.9966671341,0.9957379914,0.9934794703,0.9920226111,0.9896171173,0.988218919,0.9859822494,0.9849735172,0.9818829167,0.9809660365,0.9781439603,0.97689144,0.9748194818,0.9739201565,0.9718460135,0.9714688104,0.9708506612,0.9708506612
R5MONEYA,age3_lin age3_sp1 age3_sp2 gender R5EATA R5CANCRE R5DIABE heart1 heart2 R5HIBPE R5MEALSA H5LVALONE R5LUNGE R5PUSHA R5WALKSA bmi3_lin bmi3_sp1 bmi3_sp2 smoking1 smoking2 stroke1 stroke2,1,8,0.9990120546,0.9966113819,0.9956668404,0.9933707694,0.9918894891,0.9894436954,0.9880221417,0.9857473891,0.9847220749,0.9815836569,0.9806527102,0.9777877086,0.9765159015,0.974412868,0.9735001404,0.9713953346,0.9710125784,0.9703852893,0.9703852893
H5LVALONE,age3_lin age3_sp1 age3_sp2 gender R5EATA R5CANCRE R5DIABE heart1 heart2 R5HIBPE R5MEALSA R5MONEYA R5LUNGE R5PUSHA R5WALKSA bmi3_lin bmi3_sp1 bmi3_sp2 smoking1 smoking2 stroke1 stroke2,1,9,0.9989288485,0.9963179899,0.9952909298,0.9927954339,0.9911868015,0.9885313865,0.9869883247,0.9845207854,0.9834083981,0.9800017098,0.978991142,0.9758810318,0.9745016666,0.9722220023,0.9712327024,0.9689517253,0.9685371119,0.9678579171,0.9678579171
R5LUNGE,age3_lin age3_sp1 age3_sp2 gender R5EATA R5CANCRE R5DIABE heart1 heart2 R5HIBPE R5MEALSA R5MONEYA H5LVALONE R5PUSHA R5WALKSA bmi3_lin bmi3_sp1 bmi3_sp2 smoking1 smoking2 stroke1 stroke2,1,10,0.999103517,0.9969168697,0.9960561753,0.9939633407,0.992613107,0.9903830971,0.9890866739,0.9870122434,0.9860767801,0.9832114579,0.9823615032,0.9797456677,0.9785848933,0.9766649326,0.97583151,0.9739093604,0.973559822,0.9729870354,0.9729870354
R5PUSHA,age3_lin age3_sp1 age3_sp2 gender R5EATA R5CANCRE R5DIABE heart1 heart2 R5HIBPE R5MEALSA R5MONEYA H5LVALONE R5LUNGE R5WALKSA bmi3_lin bmi3_sp1 bmi3_sp2 smoking1 smoking2 stroke1 stroke2,1,11,0.9991213376,0.9969788365,0.9961358629,0.9940861465,0.9927638908,0.9905803417,0.9893107341,0.9872793748,0.9863632151,0.9835564883,0.9827240031,0.980162162,0.9790253371,0.9771447055,0.976328191,0.9744441246,0.9741012097,0.9735391542,0.9735391542
R5WALKSA,age3_lin age3_sp1 age3_sp2 gender R5EATA R5CANCRE R5DIABE heart1 heart2 R5HIBPE R5MEALSA R5MONEYA H5LVALONE R5LUNGE R5PUSHA bmi3_lin bmi3_sp1 bmi3_sp2 smoking1 smoking2 stroke1 stroke2,1,12,0.9989528646,0.9964025415,0.9953998823,0.9929641799,0.9913936361,0.9888024578,0.9872975777,0.9848905043,0.9838056127,0.9804835371,0.9794974879,0.9764626652,0.9751157457,0.9728878313,0.9719200627,0.9696880823,0.9692820084,0.9686162249,0.9686162249
bmi3_lin bmi3_sp1 bmi3_sp2,age3_lin age3_sp1 age3_sp2 gender R5EATA R5CANCRE R5DIABE heart1 heart2 R5HIBPE R5MEALSA R5MONEYA H5LVALONE R5LUNGE R5PUSHA R5WALKSA smoking1 smoking2 stroke1 stroke2,1,13,0.9987017547,0.9955374556,0.9942925809,0.9912680595,0.9893180762,0.9861010838,0.9842326713,0.9812472732,0.9799024222,0.9757868468,0.9745672012,0.9708162282,0.9691529613,0.9664045503,0.965212078,0.9624642349,0.961964703,0.9611460221,0.9611460221
smoking1 smoking2,age3_lin age3_sp1 age3_sp2 gender R5EATA R5CANCRE R5DIABE heart1 heart2 R5HIBPE R5MEALSA R5MONEYA H5LVALONE R5LUNGE R5PUSHA R5WALKSA bmi3_lin bmi3_sp1 bmi3_sp2 stroke1 stroke2,1,14,0.9991581049,0.9971042525,0.996295831,0.9943299576,0.9930612628,0.9909657981,0.9897475887,0.9877982555,0.9869190937,0.984225776,0.9834266995,0.980967303,0.9798758672,0.9780705513,0.9772869189,0.9754795097,0.9751508754,0.9746123984,0.9746123984
stroke1 stroke2,age3_lin age3_sp1 age3_sp2 gender R5EATA R5CANCRE R5DIABE heart1 heart2 R5HIBPE R5MEALSA R5MONEYA H5LVALONE R5LUNGE R5PUSHA R5WALKSA bmi3_lin bmi3_sp1 bmi3_sp2 smoking1 smoking2,1,15,0.9990808164,0.996840614,0.9959597761,0.9938198485,0.9924398845,0.9901608743,0.9888359635,0.986716421,0.9857608265,0.9828342687,0.9819663182,0.9792941163,0.9781084041,0.976147303,0.9752960266,0.9733326098,0.9729753534,0.9723898103,0.9723898103
R5EATA stroke1 stroke2,age3_lin age3_sp1 age3_sp2 gender R5CANCRE R5DIABE heart1 heart2 R5HIBPE R5MEALSA R5MONEYA H5LVALONE R5LUNGE R5PUSHA R5WALKSA bmi3_lin bmi3_sp1 bmi3_sp2 smoking1 smoking2,2,16,0.9990814842,0.9968433143,0.9959638514,0.993827212,0.9924492282,0.9901730044,0.9888499781,0.9867333334,0.9857789289,0.9828571008,0.9819904026,0.9793222132,0.978138145,0.9761795048,0.9753291804,0.973367811,0.973010924,0.9724259776,0.9724259776
R5EATA smoking1 smoking2,age3_lin age3_sp1 age3_sp2 gender R5CANCRE R5DIABE heart1 heart2 R5HIBPE R5MEALSA R5MONEYA H5LVALONE R5LUNGE R5PUSHA R5WALKSA bmi3_lin bmi3_sp1 bmi3_sp2 stroke1 stroke2,2,17,0.9991618869,0.9971177482,0.9963136987,0.9943584566,0.9930965132,0.9910117791,0.9898000217,0.9878609377,0.9869863013,0.9843078233,0.9835130111,0.9810668396,0.979981137,0.9781850588,0.977405324,0.9756067537,0.9752797196,0.9747438527,0.9747438527
R5EATA heart1 heart2,age3_lin age3_sp1 age3_sp2 gender R5CANCRE R5DIABE R5HIBPE R5MEALSA R5MONEYA H5LVALONE R5LUNGE R5PUSHA R5WALKSA bmi3_lin bmi3_sp1 bmi3_sp2 smoking1 smoking2 stroke1 stroke2,2,18,0.9991353767,0.9970268905,0.9961976438,0.9941814554,0.9928806391,0.9907317374,0.9894825978,0.9874831785,0.9865815242,0.9838206323,0.9830013375,0.9804799421,0.9793609605,0.9775099133,0.9767061852,0.9748522673,0.9745151071,0.9739625657,0.9739625657
R5EATA bmi3_lin bmi3_sp1 bmi3_sp2,age3_lin age3_sp1 age3_sp2 gender R5CANCRE R5DIABE heart1 heart2 R5HIBPE R5MEALSA R5MONEYA H5LVALONE R5LUNGE R5PUSHA R5WALKSA smoking1 smoking2 stroke1 stroke2,2,19,0.9986828928,0.9954737178,0.9942121834,0.9911474018,0.9891713808,0.9859109716,0.9840178361,0.9809929348,0.979630193,0.975461625,0.974226135,0.9704267975,0.9687419739,0.9659577307,0.9647495954,0.9619656035,0.9614595157,0.9606300795,0.9606300795
R5EATA R5WALKSA,age3_lin age3_sp1 age3_sp2 gender R5CANCRE R5DIABE heart1 heart2 R5HIBPE R5MEALSA R5MONEYA H5LVALONE R5LUNGE R5PUSHA bmi3_lin bmi3_sp1 bmi3_sp2 smoking1 smoking2 stroke1 stroke2,2,20,0.998955435,0.9964119953,0.995412743,0.9929852691,0.9914198642,0.988836644,0.9873367075,0.9849374698,0.9838559894,0.9805455954,0.9795628225,0.9765382016,0.9751956312,0.9729745872,0.9720096536,0.9697840296,0.9693791052,0.9687151896,0.9687151896
R5EATA R5PUSHA,age3_lin age3_sp1 age3_sp2 gender R5CANCRE R5DIABE heart1 heart2 R5HIBPE R5MEALSA R5MONEYA H5LVALONE R5LUNGE R5WALKSA bmi3_lin bmi3_sp1 bmi3_sp2 smoking1 smoking2 stroke1 stroke2,2,21,0.9991291462,0.9970062201,0.9961715459,0.9941419774,0.9928325691,0.9906697699,0.989412474,0.9874007378,0.9864933173,0.9837144098,0.982890023,0.9803532257,0.9792273659,0.9773645971,0.9765557149,0.9746890679,0.9743493087,0.9737924129,0.9737924129
R5EATA R5MONEYA,age3_lin age3_sp1 age3_sp2 gender R5CANCRE R5DIABE heart1 heart2 R5HIBPE R5MEALSA H5LVALONE R5LUNGE R5PUSHA R5WALKSA bmi3_lin bmi3_sp1 bmi3_sp2 smoking1 smoking2 stroke1 stroke2,2,22,0.9990310628,0.9966778745,0.9957528045,0.9935041442,0.9920532241,0.9896570693,0.9882645563,0.9860361378,0.9850315933,0.9819576022,0.9810455422,0.9782386319,0.9769923795,0.9749312493,0.9740365613,0.9719731533,0.9715979214,0.9709829498,0.9709829498
R5EATA R5MEALSA,age3_lin age3_sp1 age3_sp2 gender R5CANCRE R5DIABE heart1 heart2 R5HIBPE R5MONEYA H5LVALONE R5LUNGE R5PUSHA R5WALKSA bmi3_lin bmi3_sp1 bmi3_sp2 smoking1 smoking2 stroke1 stroke2,2,23,0.9990305191,0.9966718804,0.9957451413,0.9934926413,0.992039607,0.989639914,0.9882453439,0.9860143422,0.9850079841,0.9819257647,0.9810111444,0.9781960363,0.9769463641,0.9748787182,0.9739811239,0.9719107808,0.9715342638,0.9709172239,0.9709172239
R5EATA R5LUNGE,age3_lin age3_sp1 age3_sp2 gender R5CANCRE R5DIABE heart1 heart2 R5HIBPE R5MEALSA R5MONEYA H5LVALONE R5PUSHA R5WALKSA bmi3_lin bmi3_sp1 bmi3_sp2 smoking1 smoking2 stroke1 stroke2,2,24,0.9991084728,0.9969344383,0.9960792979,0.9939999779,0.9926583297,0.990442049,0.9891538394,0.9870924696,0.9861627919,0.9833161604,0.9824715942,0.9798724414,0.9787189187,0.9768106838,0.9759822301,0.9740713711,0.9737238773,0.9731544283,0.9731544283
R5EATA R5HIBPE,age3_lin age3_sp1 age3_sp2 gender R5CANCRE R5DIABE heart1 heart2 R5MEALSA R5MONEYA H5LVALONE R5LUNGE R5PUSHA R5WALKSA bmi3_lin bmi3_sp1 bmi3_sp2 smoking1 smoking2 stroke1 stroke2,2,25,0.9990797324,0.9968353521,0.9959527195,0.9938064775,0.9924217952,0.9901354017,0.988806985,0.9866817948,0.9857234621,0.9827895022,0.981919104,0.9792401409,0.9780512168,0.9760840475,0.9752299421,0.9732594956,0.9729010734,0.9723135971,0.9723135971
R5EATA R5DIABE,age3_lin age3_sp1 age3_sp2 gender R5CANCRE heart1 heart2 R5HIBPE R5MEALSA R5MONEYA H5LVALONE R5LUNGE R5PUSHA R5WALKSA bmi3_lin bmi3_sp1 bmi3_sp2 smoking1 smoking2 stroke1 stroke2,2,26,0.9991281433,0.9970022673,0.9961666519,0.9941362126,0.9928266524,0.9906633643,0.9894056706,0.9873934072,0.9864859646,0.9837079972,0.9828836321,0.9803462656,0.9792196927,0.9773554911,0.9765458045,0.9746773738,0.9743373977,0.9737801698,0.9737801698
R5EATA R5CANCRE,age3_lin age3_sp1 age3_sp2 gender R5DIABE heart1 heart2 R5HIBPE R5MEALSA R5MONEYA H5LVALONE R5LUNGE R5PUSHA R5WALKSA bmi3_lin bmi3_sp1 bmi3_sp2 smoking1 smoking2 stroke1 stroke2,2,27,0.9990872393,0.9968617057,0.9959867188,0.9938593557,0.9924869795,0.9902195997,0.9889016211,0.9867929714,0.9858418242,0.9829291751,0.9820651124,0.9794059352,0.978225578,0.9762730608,0.9754253936,0.9734700923,0.9731144649,0.9725316275,0.9725316275
R5EATA H5LVALONE,age3_lin age3_sp1 age3_sp2 gender R5CANCRE R5DIABE heart1 heart2 R5HIBPE R5MEALSA R5MONEYA R5LUNGE R5PUSHA R5WALKSA bmi3_lin bmi3_sp1 bmi3_sp2 smoking1 smoking2 stroke1 stroke2,2,28,0.9989360325,0.9963435443,0.9953244851,0.9928485114,0.991252313,0.9886168773,0.9870857552,0.9846372624,0.9835333376,0.9801537871,0.9791510671,0.9760652081,0.9746964168,0.9724339199,0.9714519248,0.969187586,0.9687759909,0.968101732,0.968101732
R5CANCRE stroke1 stroke2,age3_lin age3_sp1 age3_sp2 gender R5EATA R5DIABE heart1 heart2 R5HIBPE R5MEALSA R5MONEYA H5LVALONE R5LUNGE R5PUSHA R5WALKSA bmi3_lin bmi3_sp1 bmi3_sp2 smoking1 smoking2,2,29,0.9990871243,0.9968626874,0.9959883424,0.9938643242,0.9924948991,0.9902328235,0.988917643,0.9868138989,0.9858651872,0.9829592803,0.9820975308,0.9794444196,0.9782670041,0.9763197419,0.9754745106,0.9735249891,0.9731702337,0.9725887535,0.9725887535
R5CANCRE smoking1 smoking2,age3_lin age3_sp1 age3_sp2 gender R5EATA R5DIABE heart1 heart2 R5HIBPE R5MEALSA R5MONEYA H5LVALONE R5LUNGE R5PUSHA R5WALKSA bmi3_lin bmi3_sp1 bmi3_sp2 stroke1 stroke2,2,30,0.999159657,0.9971099006,0.9963033358,0.9943420402,0.9930765093,0.9909858607,0.9897703489,0.9878255611,0.9869482402,0.9842601791,0.9834627248,0.9810082945,0.979918885,0.9781170065,0.9773349047,0.975530982,0.9752029522,0.9746654312,0.9746654312
R5CANCRE heart1 heart2,age3_lin age3_sp1 age3_sp2 gender R5EATA R5DIABE R5HIBPE R5MEALSA R5MONEYA H5LVALONE R5LUNGE R5PUSHA R5WALKSA bmi3_lin bmi3_sp1 bmi3_sp2 smoking1 smoking2 stroke1 stroke2,2,31,0.9991378435,0.9970352764,0.996208092,0.9941970284,0.9928999105,0.9907571076,0.9895111709,0.9875171449,0.9866178089,0.9838627142,0.9830453182,0.9805296491,0.979413166,0.9775665938,0.9767649489,0.9749159415,0.9745796511,0.974028505,0.974028505
R5CANCRE bmi3_lin bmi3_sp1 bmi3_sp2,age3_lin age3_sp1 age3_sp2 gender R5EATA R5DIABE heart1 heart2 R5HIBPE R5MEALSA R5MONEYA H5LVALONE R5LUNGE R5PUSHA R5WALKSA smoking1 smoking2 stroke1 stroke2,2,32,0.9987193867,0.9955985067,0.9943710592,0.9913888723,0.9894664636,0.9862942343,0.9844515967,0.9815076547,0.9801811287,0.9761209563,0.9749177822,0.9712173501,0.9695761919,0.9668643893,0.9656878257,0.962976528,0.9624835912,0.9616756671,0.9616756671
R5CANCRE R5WALKSA,age3_lin age3_sp1 age3_sp2 gender R5EATA R5DIABE heart1 heart2 R5HIBPE R5MEALSA R5MONEYA H5LVALONE R5LUNGE R5PUSHA bmi3_lin bmi3_sp1 bmi3_sp2 smoking1 smoking2 stroke1 stroke2,2,33,0.9989516198,0.9963987012,0.9953953252,0.992957949,0.9913866348,0.9887936891,0.9872876625,0.984879099,0.9837932931,0.9804679475,0.9794810003,0.9764434889,0.975095196,0.9728651724,0.9718965358,0.969662524,0.9692560564,0.9685895789,0.9685895789
R5CANCRE R5PUSHA,age3_lin age3_sp1 age3_sp2 gender R5EATA R5DIABE heart1 heart2 R5HIBPE R5MEALSA R5MONEYA H5LVALONE R5LUNGE R5WALKSA bmi3_lin bmi3_sp1 bmi3_sp2 smoking1 smoking2 stroke1 stroke2,2,34,0.999123281,0.9969858924,0.9961451893,0.9941010721,0.9927826697,0.9906050453,0.9893387482,0.9873129111,0.9863990188,0.9835988163,0.9827683308,0.9802126357,0.9790783507,0.9772020224,0.976387409,0.9745076837,0.974165534,0.9736046993,0.9736046993
R5CANCRE R5MONEYA,age3_lin age3_sp1 age3_sp2 gender R5EATA R5DIABE heart1 heart2 R5HIBPE R5MEALSA H5LVALONE R5LUNGE R5PUSHA R5WALKSA bmi3_lin bmi3_sp1 bmi3_sp2 smoking1 smoking2 stroke1 stroke2,2,35,0.9990154002,0.9966231153,0.995682146,0.9933948595,0.9919195338,0.989483092,0.9880668242,0.9858007616,0.9847791153,0.9816515134,0.9807238421,0.9778689322,0.9766014109,0.9745055847,0.9735960172,0.9714984639,0.9711170016,0.9704917974,0.9704917974
R5CANCRE R5MEALSA,age3_lin age3_sp1 age3_sp2 gender R5EATA R5DIABE heart1 heart2 R5HIBPE R5MONEYA H5LVALONE R5LUNGE R5PUSHA R5WALKSA bmi3_lin bmi3_sp1 bmi3_sp2 smoking1 smoking2 stroke1 stroke2,2,36,0.9990336228,0.9966813299,0.9957564324,0.9935082545,0.9920583158,0.989663767,0.988271792,0.9860453316,0.9850409766,0.9819633942,0.9810504501,0.9782404934,0.9769931671,0.9749299122,0.9740343955,0.9719689978,0.971593361,0.9709777441,0.9709777441
R5CANCRE R5LUNGE,age3_lin age3_sp1 age3_sp2 gender R5EATA R5DIABE heart1 heart2 R5HIBPE R5MEALSA R5MONEYA H5LVALONE R5PUSHA R5WALKSA bmi3_lin bmi3_sp1 bmi3_sp2 smoking1 smoking2 stroke1 stroke2,2,37,0.9991069321,0.9969289878,0.9960719753,0.9939881649,0.9926439975,0.9904235602,0.9891325729,0.9870670789,0.986135418,0.9832813478,0.9824347954,0.9798294459,0.9786731485,0.9767607007,0.9759305789,0.9740160123,0.9736678317,0.9730972388,0.9730972388
R5CANCRE R5HIBPE,age3_lin age3_sp1 age3_sp2 gender R5EATA R5DIABE heart1 heart2 R5MEALSA R5MONEYA H5LVALONE R5LUNGE R5PUSHA R5WALKSA bmi3_lin bmi3_sp1 bmi3_sp2 smoking1 smoking2 stroke1 stroke2,2,38,0.999074963,0.996818804,0.9959311997,0.9937729423,0.9923808853,0.9900823233,0.98874645,0.9866096376,0.9856459469,0.9826941677,0.9818187091,0.9791240477,0.9779281366,0.975949797,0.975091003,0.9731098856,0.9727495096,0.9721588155,0.9721588155
R5CANCRE R5DIABE,age3_lin age3_sp1 age3_sp2 gender R5EATA heart1 heart2 R5HIBPE R5MEALSA R5MONEYA H5LVALONE R5LUNGE R5PUSHA R5WALKSA bmi3_lin bmi3_sp1 bmi3_sp2 smoking1 smoking2 stroke1 stroke2,2,39,0.9991268269,0.9969975544,0.9961603184,0.9941260051,0.9928143163,0.9906474972,0.9893874315,0.9873716881,0.9864625473,0.9836781736,0.9828521222,0.9803094528,0.9791804743,0.9773126426,0.9765015321,0.9746299151,0.9742893382,0.9737311007,0.9737311007
R5CANCRE H5LVALONE,age3_lin age3_sp1 age3_sp2 gender R5EATA R5DIABE heart1 heart2 R5HIBPE R5MEALSA R5MONEYA R5LUNGE R5PUSHA R5WALKSA bmi3_lin bmi3_sp1 bmi3_sp2 smoking1 smoking2 stroke1 stroke2,2,40,0.9989316521,0.9963280824,0.9953042007,0.9928164826,0.9912131136,0.9885658338,0.9870273253,0.9845673588,0.9834581191,0.9800606022,0.9790528315,0.975951299,0.9745755225,0.9723018787,0.9713152193,0.9690402802,0.9686267366,0.9679492565,0.9679492565
R5DIABE stroke1 stroke2,age3_lin age3_sp1 age3_sp2 gender R5EATA R5CANCRE heart1 heart2 R5HIBPE R5MEALSA R5MONEYA H5LVALONE R5LUNGE R5PUSHA R5WALKSA bmi3_lin bmi3_sp1 bmi3_sp2 smoking1 smoking2,2,41,0.999128085,0.9970033729,0.9961684258,0.9941413371,0.992834726,0.9906767325,0.9894218161,0.987414389,0.9865093618,0.9837382864,0.9829162276,0.9803848983,0.9792612176,0.9774021698,0.9765948589,0.9747320366,0.9743929101,0.9738370092,0.9738370092
R5DIABE smoking1 smoking2,age3_lin age3_sp1 age3_sp2 gender R5EATA R5CANCRE heart1 heart2 R5HIBPE R5MEALSA R5MONEYA H5LVALONE R5LUNGE R5PUSHA R5WALKSA bmi3_lin bmi3_sp1 bmi3_sp2 stroke1 stroke2,2,42,0.9992009515,0.9972518619,0.9964851031,0.9946217669,0.9934197491,0.9914343187,0.9902797843,0.9884325214,0.9875994006,0.985047719,0.9842904867,0.9819595659,0.9809247238,0.9792125123,0.9784690023,0.9767534335,0.9764413436,0.9759299113,0.9759299113
R5DIABE heart1 heart2,age3_lin age3_sp1 age3_sp2 gender R5EATA R5CANCRE R5HIBPE R5MEALSA R5MONEYA H5LVALONE R5LUNGE R5PUSHA R5WALKSA bmi3_lin bmi3_sp1 bmi3_sp2 smoking1 smoking2 stroke1 stroke2,2,43,0.9991761412,0.9971668755,0.9963765928,0.9944564088,0.9932181774,0.9911729779,0.9899835909,0.9880800224,0.9872217039,0.9845931814,0.9838130975,0.9814118878,0.980345921,0.978582267,0.977816266,0.9760487545,0.9757271428,0.9752000114,0.9752000114
R5DIABE bmi3_lin bmi3_sp1 bmi3_sp2,age3_lin age3_sp1 age3_sp2 gender R5EATA R5CANCRE heart1 heart2 R5HIBPE R5MEALSA R5MONEYA H5LVALONE R5LUNGE R5PUSHA R5WALKSA smoking1 smoking2 stroke1 stroke2,2,44,0.9986811485,0.9954674265,0.9942039453,0.9911367319,0.989160336,0.985900073,0.9840062857,0.9809812059,0.9796186381,0.9754504471,0.9742151194,0.9704158331,0.9687306367,0.9659455846,0.9647368499,0.9619507747,0.9614440679,0.9606135091,0.9606135091
R5DIABE R5WALKSA,age3_lin age3_sp1 age3_sp2 gender R5EATA R5CANCRE heart1 heart2 R5HIBPE R5MEALSA R5MONEYA H5LVALONE R5LUNGE R5PUSHA bmi3_lin bmi3_sp1 bmi3_sp2 smoking1 smoking2 stroke1 stroke2,2,45,0.9990008271,0.9965678094,0.9956119054,0.9932915159,0.9917960227,0.9893286282,0.9878953021,0.9856029522,0.9845698273,0.9814070993,0.980468062,0.977577392,0.976293867,0.9741701072,0.9732471431,0.9711174844,0.9707297948,0.9700940533,0.9700940533
R5DIABE R5PUSHA,age3_lin age3_sp1 age3_sp2 gender R5EATA R5CANCRE heart1 heart2 R5HIBPE R5MEALSA R5MONEYA H5LVALONE R5LUNGE R5WALKSA bmi3_lin bmi3_sp1 bmi3_sp2 smoking1 smoking2 stroke1 stroke2,2,46,0.9991642077,0.9971265713,0.9963253353,0.9943783958,0.9931229678,0.9910496823,0.989843874,0.9879147754,0.9870447507,0.9843799113,0.9835893324,0.98115616,0.9800759906,0.9782885531,0.9775121913,0.975720013,0.9753936486,0.9748586446,0.9748586446
R5DIABE R5MONEYA,age3_lin age3_sp1 age3_sp2 gender R5EATA R5CANCRE heart1 heart2 R5HIBPE R5MEALSA H5LVALONE R5LUNGE R5PUSHA R5WALKSA bmi3_lin bmi3_sp1 bmi3_sp2 smoking1 smoking2 stroke1 stroke2,2,47,0.9990642149,0.9967905934,0.9958965798,0.9937247632,0.9923241669,0.9900115244,0.9886670083,0.9865156701,0.9855459942,0.9825784922,0.9816980145,0.9789878483,0.9777842372,0.9757933603,0.9749289684,0.9729347745,0.9725719484,0.9719772406,0.9719772406
R5DIABE R5MEALSA,age3_lin age3_sp1 age3_sp2 gender R5EATA R5CANCRE heart1 heart2 R5HIBPE R5MONEYA H5LVALONE R5LUNGE R5PUSHA R5WALKSA bmi3_lin bmi3_sp1 bmi3_sp2 smoking1 smoking2 stroke1 stroke2,2,48,0.9990715812,0.9968116997,0.9959233479,0.9937653981,0.992374013,0.9900765286,0.9887407559,0.986604136,0.9856405344,0.9826887739,0.9818128696,0.9791165675,0.977919372,0.9759383454,0.9750781426,0.9730934049,0.9727322797,0.9721403997,0.9721403997
R5DIABE R5LUNGE,age3_lin age3_sp1 age3_sp2 gender R5EATA R5CANCRE heart1 heart2 R5HIBPE R5MEALSA R5MONEYA H5LVALONE R5PUSHA R5WALKSA bmi3_lin bmi3_sp1 bmi3_sp2 smoking1 smoking2 stroke1 stroke2,2,49,0.9991492472,0.9970744188,0.9962581746,0.994274699,0.9929955501,0.9908828226,0.9896542584,0.9876885789,0.9868021616,0.9840876355,0.983282216,0.9808031039,0.9797025461,0.9778816418,0.9770909062,0.9752664576,0.9749345224,0.9743905145,0.9743905145
R5DIABE R5HIBPE,age3_lin age3_sp1 age3_sp2 gender R5EATA R5CANCRE heart1 heart2 R5MEALSA R5MONEYA H5LVALONE R5LUNGE R5PUSHA R5WALKSA bmi3_lin bmi3_sp1 bmi3_sp2 smoking1 smoking2 stroke1 stroke2,2,50,0.9991254915,0.9969924318,0.9961534974,0.994114907,0.9928004097,0.9906303717,0.9893690537,0.9873515345,0.986441896,0.9836567279,0.9828304164,0.9802865589,0.9791572395,0.9772882826,0.9764765758,0.9746031759,0.9742622131,0.9737032685,0.9737032685
R5DIABE H5LVALONE,age3_lin age3_sp1 age3_sp2 gender R5EATA R5CANCRE heart1 heart2 R5HIBPE R5MEALSA R5MONEYA R5LUNGE R5PUSHA R5WALKSA bmi3_lin bmi3_sp1 bmi3_sp2 smoking1 smoking2 stroke1 stroke2,2,51,0.9989806926,0.9964965136,0.9955198048,0.9931480483,0.9916197706,0.9890968316,0.987630348,0.9852854123,0.9842282861,0.9809914555,0.9800310199,0.9770747497,0.9757630459,0.9735945356,0.9726530762,0.9704814635,0.9700865269,0.9694394726,0.9694394726
heart1 heart2 stroke1 stroke2,age3_lin age3_sp1 age3_sp2 gender R5EATA R5CANCRE R5DIABE R5HIBPE R5MEALSA R5MONEYA H5LVALONE R5LUNGE R5PUSHA R5WALKSA bmi3_lin bmi3_sp1 bmi3_sp2 smoking1 smoking2,2,52,0.9991321529,0.9970170153,0.9961853184,0.9941647601,0.9928618262,0.9907098716,0.989458677,0.9874564404,0.9865537352,0.9837889957,0.9829688198,0.9804436838,0.9793232373,0.9774700667,0.9766655358,0.974809893,0.9744722416,0.9739188162,0.9739188162
heart1 heart2 smoking1 smoking2,age3_lin age3_sp1 age3_sp2 gender R5EATA R5CANCRE R5DIABE R5HIBPE R5MEALSA R5MONEYA H5LVALONE R5LUNGE R5PUSHA R5WALKSA bmi3_lin bmi3_sp1 bmi3_sp2 stroke1 stroke2,2,53,0.9992022274,0.9972561125,0.9964901142,0.9946274904,0.9934255329,0.9914401616,0.9902858335,0.9884381239,0.987604818,0.9850519193,0.9842943306,0.9819626703,0.9809279719,0.9792165559,0.9784736135,0.9767600609,0.9764484965,0.9759379837,0.9759379837
heart1 heart2 bmi3_lin bmi3_sp1 bmi3_sp2,age3_lin age3_sp1 age3_sp2 gender R5EATA R5CANCRE R5DIABE R5HIBPE R5MEALSA R5MONEYA H5LVALONE R5LUNGE R5PUSHA R5WALKSA smoking1 smoking2 stroke1 stroke2,2,54,0.9987452394,0.9956871101,0.9944840296,0.9915611941,0.9896768989,0.9865680612,0.9847622953,0.9818760924,0.9805759658,0.9765972042,0.9754178571,0.9717909579,0.9701828221,0.9675256308,0.9663726534,0.9637158756,0.9632329211,0.9624414141,0.9624414141
heart1 heart2 R5WALKSA,age3_lin age3_sp1 age3_sp2 gender R5EATA R5CANCRE R5DIABE R5HIBPE R5MEALSA R5MONEYA H5LVALONE R5LUNGE R5PUSHA bmi3_lin bmi3_sp1 bmi3_sp2 smoking1 smoking2 stroke1 stroke2,2,55,0.9990133804,0.9966105297,0.995665876,0.9933711145,0.9918915842,0.9894503646,0.9880323968,0.9857635927,0.984741039,0.9816096808,0.980679934,0.9778182297,0.9765481123,0.9744471465,0.973534362,0.9714290599,0.9710460014,0.9704179153,0.9704179153
heart1 heart2 R5PUSHA,age3_lin age3_sp1 age3_sp2 gender R5EATA R5CANCRE R5DIABE R5HIBPE R5MEALSA R5MONEYA H5LVALONE R5LUNGE R5WALKSA bmi3_lin bmi3_sp1 bmi3_sp2 smoking1 smoking2 stroke1 stroke2,2,56,0.9991704148,0.9971476632,0.9963518203,0.9944167676,0.9931685734,0.9911071743,0.9899084728,0.9879899279,0.9871246675,0.9844737971,0.9836873263,0.9812670498,0.9801930635,0.9784163951,0.9776449293,0.9758647989,0.9755407995,0.9750097349,0.9750097349
heart1 heart2 R5MONEYA,age3_lin age3_sp1 age3_sp2 gender R5EATA R5CANCRE R5DIABE R5HIBPE R5MEALSA H5LVALONE R5LUNGE R5PUSHA R5WALKSA bmi3_lin bmi3_sp1 bmi3_sp2 smoking1 smoking2 stroke1 stroke2,2,57,0.999065771,0.9967956349,0.9959024599,0.9937313156,0.9923306802,0.9900178815,0.9886734832,0.986521549,0.9855515955,0.9825824982,0.9817015994,0.9789906386,0.9777872617,0.9757974233,0.9749337675,0.9729421249,0.9725799583,0.9719864165,0.9719864165
heart1 heart2 R5MEALSA,age3_lin age3_sp1 age3_sp2 gender R5EATA R5CANCRE R5DIABE R5HIBPE R5MONEYA H5LVALONE R5LUNGE R5PUSHA R5WALKSA bmi3_lin bmi3_sp1 bmi3_sp2 smoking1 smoking2 stroke1 stroke2,2,58,0.9990836506,0.9968529068,0.9959755798,0.9938430973,0.9924676122,0.9901962685,0.988875866,0.9867629421,0.9858100379,0.9828903568,0.9820239603,0.9793572836,0.9781737779,0.9762160264,0.975366197,0.9734061969,0.9730497544,0.9724656214,0.9724656214
heart1 heart2 R5LUNGE,age3_lin age3_sp1 age3_sp2 gender R5EATA R5CANCRE R5DIABE R5HIBPE R5MEALSA R5MONEYA H5LVALONE R5PUSHA R5WALKSA bmi3_lin bmi3_sp1 bmi3_sp2 smoking1 smoking2 stroke1 stroke2,2,59,0.9991600151,0.9971112756,0.9963048333,0.9943439648,0.9930789475,0.990989484,0.9897746135,0.9878299865,0.9869530581,0.9842669195,0.983469926,0.9810171558,0.9799288054,0.9781287054,0.9773472549,0.9755450089,0.9752172927,0.9746802745,0.9746802745
heart1 heart2 R5HIBPE,age3_lin age3_sp1 age3_sp2 gender R5EATA R5CANCRE R5DIABE R5MEALSA R5MONEYA H5LVALONE R5LUNGE R5PUSHA R5WALKSA bmi3_lin bmi3_sp1 bmi3_sp2 smoking1 smoking2 stroke1 stroke2,2,60,0.9991268082,0.9969968373,0.9961586417,0.9941205214,0.9928058343,0.9906353089,0.9893738362,0.9873550884,0.9864448738,0.9836571793,0.9828301107,0.9802843719,0.9791547582,0.9772860155,0.9764746699,0.9746030149,0.9742625676,0.9737045535,0.9737045535
heart1 heart2 H5LVALONE,age3_lin age3_sp1 age3_sp2 gender R5EATA R5CANCRE R5DIABE R5HIBPE R5MEALSA R5MONEYA R5LUNGE R5PUSHA R5WALKSA bmi3_lin bmi3_sp1 bmi3_sp2 smoking1 smoking2 stroke1 stroke2,2,61,0.9989884943,0.9965231111,0.9955532811,0.993196942,0.9916780989,0.9891706627,0.9877134115,0.9853822626,0.9843313633,0.9811127976,0.9801577886,0.9772186661,0.975915174,0.9737609363,0.9728259725,0.9706702535,0.9702784134,0.9696365208,0.9696365208
R5HIBPE stroke1 stroke2,age3_lin age3_sp1 age3_sp2 gender R5EATA R5CANCRE R5DIABE heart1 heart2 R5MEALSA R5MONEYA H5LVALONE R5LUNGE R5PUSHA R5WALKSA bmi3_lin bmi3_sp1 bmi3_sp2 smoking1 smoking2,2,62,0.9990769569,0.996827247,0.9959427427,0.9937938082,0.9924081966,0.9901208033,0.9887915419,0.9866654819,0.9857069963,0.9827719679,0.9819015851,0.9792215293,0.9780323642,0.9760651415,0.9752111745,0.9732411824,0.9728826505,0.9722949094,0.9722949094
R5HIBPE smoking1 smoking2,age3_lin age3_sp1 age3_sp2 gender R5EATA R5CANCRE R5DIABE heart1 heart2 R5MEALSA R5MONEYA H5LVALONE R5LUNGE R5PUSHA R5WALKSA bmi3_lin bmi3_sp1 bmi3_sp2 stroke1 stroke2,2,63,0.9991513067,0.9970807496,0.996265778,0.9942837826,0.9930047996,0.9908931535,0.9896659687,0.9877026294,0.9868171938,0.9841049602,0.9833003333,0.9808236287,0.9797245607,0.9779063045,0.9771170333,0.9752963446,0.9749652498,0.9744226637,0.9744226637
R5HIBPE bmi3_lin bmi3_sp1 bmi3_sp2,age3_lin age3_sp1 age3_sp2 gender R5EATA R5CANCRE R5DIABE heart1 heart2 R5MEALSA R5MONEYA H5LVALONE R5LUNGE R5PUSHA R5WALKSA smoking1 smoking2 stroke1 stroke2,2,64,0.9985976927,0.9951801227,0.9938358375,0.9905700624,0.9884651457,0.9849948206,0.9829805015,0.9797633572,0.9783144862,0.9738821172,0.9725690115,0.968530902,0.9667407613,0.9637827355,0.9624994718,0.9595424917,0.9590049077,0.9581237351,0.9581237351
R5HIBPE R5WALKSA,age3_lin age3_sp1 age3_sp2 gender R5EATA R5CANCRE R5DIABE heart1 heart2 R5MEALSA R5MONEYA H5LVALONE R5LUNGE R5PUSHA bmi3_lin bmi3_sp1 bmi3_sp2 smoking1 smoking2 stroke1 stroke2,2,65,0.998935313,0.9963421326,0.9953226769,0.9928460174,0.9912492313,0.9886160325,0.9870873984,0.9846428535,0.9835411433,0.9801680516,0.9791669432,0.9760855225,0.9747179931,0.9724555521,0.9714727473,0.9692056939,0.9687931666,0.9681166852,0.9681166852
R5HIBPE R5PUSHA,age3_lin age3_sp1 age3_sp2 gender R5EATA R5CANCRE R5DIABE heart1 heart2 R5MEALSA R5MONEYA H5LVALONE R5LUNGE R5WALKSA bmi3_lin bmi3_sp1 bmi3_sp2 smoking1 smoking2 stroke1 stroke2,2,66,0.9991156917,0.9969592976,0.9961108905,0.9940477806,0.9927170283,0.990520349,0.9892435889,0.9872011878,0.9862800868,0.9834585333,0.9826217311,0.9800463028,0.9789034861,0.9770125608,0.9761915388,0.9742967296,0.9739517875,0.9733863175,0.9733863175
R5HIBPE R5MONEYA,age3_lin age3_sp1 age3_sp2 gender R5EATA R5CANCRE R5DIABE heart1 heart2 R5MEALSA H5LVALONE R5LUNGE R5PUSHA R5WALKSA bmi3_lin bmi3_sp1 bmi3_sp2 smoking1 smoking2 stroke1 stroke2,2,67,0.9990044181,0.9965851365,0.9956333078,0.9933193443,0.9918266722,0.9893630332,0.9879316064,0.9856414699,0.9846092547,0.9814500295,0.9805129849,0.9776289348,0.9763487194,0.9742314102,0.9733124466,0.9711929331,0.970807436,0.970175559,0.970175559
R5HIBPE R5MEALSA,age3_lin age3_sp1 age3_sp2 gender R5EATA R5CANCRE R5DIABE heart1 heart2 R5MONEYA H5LVALONE R5LUNGE R5PUSHA R5WALKSA bmi3_lin bmi3_sp1 bmi3_sp2 smoking1 smoking2 stroke1 stroke2,2,68,0.9990200779,0.9966343986,0.9956961463,0.9934152711,0.9919441014,0.989515942,0.9881050977,0.9858486446,0.9848310544,0.9817136829,0.9807889327,0.9779423493,0.976679006,0.9745887776,0.9736814997,0.9715887031,0.9712080449,0.9705841402,0.9705841402
R5HIBPE R5LUNGE,age3_lin age3_sp1 age3_sp2 gender R5EATA R5CANCRE R5DIABE heart1 heart2 R5MEALSA R5MONEYA H5LVALONE R5PUSHA R5WALKSA bmi3_lin bmi3_sp1 bmi3_sp2 smoking1 smoking2 stroke1 stroke2,2,69,0.9990966477,0.9968931,0.9960257711,0.9939166173,0.992555975,0.9903096427,0.9890042012,0.9869157276,0.9859739757,0.9830897071,0.982234197,0.97960099,0.9784325501,0.9764995674,0.9756604668,0.973724926,0.9733728946,0.9727959368,0.9727959368
R5HIBPE H5LVALONE,age3_lin age3_sp1 age3_sp2 gender R5EATA R5CANCRE R5DIABE heart1 heart2 R5MEALSA R5MONEYA R5LUNGE R5PUSHA R5WALKSA bmi3_lin bmi3_sp1 bmi3_sp2 smoking1 smoking2 stroke1 stroke2,2,70,0.9989227457,0.9962968406,0.995263891,0.992753894,0.9911360673,0.9884665105,0.9869157862,0.9844364153,0.9833187484,0.9798962888,0.9788811196,0.9757564947,0.9743707276,0.9720800685,0.9710859619,0.9687935153,0.9683767378,0.9676938928,0.9676938928
R5MEALSA stroke1 stroke2,age3_lin age3_sp1 age3_sp2 gender R5EATA R5CANCRE R5DIABE heart1 heart2 R5HIBPE R5MONEYA H5LVALONE R5LUNGE R5PUSHA R5WALKSA bmi3_lin bmi3_sp1 bmi3_sp2 smoking1 smoking2,2,71,0.9990200654,0.9966367352,0.9957002559,0.9934258268,0.9919594092,0.9895382587,0.9881309682,0.9858801887,0.9848652594,0.9817561246,0.9808339223,0.9779945157,0.9767344503,0.9746502085,0.9737456359,0.9716594496,0.9712798758,0.9706577641,0.9706577641
R5MEALSA smoking1 smoking2,age3_lin age3_sp1 age3_sp2 gender R5EATA R5CANCRE R5DIABE heart1 heart2 R5HIBPE R5MONEYA H5LVALONE R5LUNGE R5PUSHA R5WALKSA bmi3_lin bmi3_sp1 bmi3_sp2 stroke1 stroke2,2,72,0.9991175087,0.9969689149,0.9961237243,0.9940689646,0.9927431005,0.9905536239,0.9892808978,0.9872447465,0.9863262292,0.9835114431,0.9826762022,0.9801052884,0.9789641603,0.9770764171,0.9762571096,0.9743675192,0.9740239571,0.9734610283,0.9734610283
R5MEALSA bmi3_lin bmi3_sp1 bmi3_sp2,age3_lin age3_sp1 age3_sp2 gender R5EATA R5CANCRE R5DIABE heart1 heart2 R5HIBPE R5MONEYA H5LVALONE R5LUNGE R5PUSHA R5WALKSA smoking1 smoking2 stroke1 stroke2,2,73,0.9986677848,0.9954266757,0.9941523134,0.9910568246,0.9890613489,0.9857698045,0.9838582465,0.9808043922,0.9794283851,0.9752160671,0.9739675372,0.9701272987,0.9684241232,0.9656093486,0.9643882073,0.9615743299,0.9610627937,0.9602244458,0.9602244458
R5MEALSA R5WALKSA,age3_lin age3_sp1 age3_sp2 gender R5EATA R5CANCRE R5DIABE heart1 heart2 R5HIBPE R5MONEYA H5LVALONE R5LUNGE R5PUSHA bmi3_lin bmi3_sp1 bmi3_sp2 smoking1 smoking2 stroke1 stroke2,2,74,0.9988747802,0.9961414949,0.9950678895,0.9924610298,0.9907805527,0.9880089334,0.9863996949,0.9838264313,0.9826664026,0.9791130904,0.9780582275,0.974811437,0.9733701856,0.9709859247,0.9699503656,0.9675622259,0.9671277471,0.9664153735,0.9664153735
R5MEALSA R5PUSHA,age3_lin age3_sp1 age3_sp2 gender R5EATA R5CANCRE R5DIABE heart1 heart2 R5HIBPE R5MONEYA H5LVALONE R5LUNGE R5WALKSA bmi3_lin bmi3_sp1 bmi3_sp2 smoking1 smoking2 stroke1 stroke2,2,75,0.9990740363,0.9968214086,0.9959357573,0.9937829541,0.9923944721,0.990102086,0.9887693522,0.9866375224,0.9856758131,0.9827283899,0.9818540493,0.9791631968,0.9779688964,0.9759928752,0.9751350549,0.9731556969,0.9727954124,0.9722048778,0.9722048778
R5MEALSA R5MONEYA,age3_lin age3_sp1 age3_sp2 gender R5EATA R5CANCRE R5DIABE heart1 heart2 R5HIBPE H5LVALONE R5LUNGE R5PUSHA R5WALKSA bmi3_lin bmi3_sp1 bmi3_sp2 smoking1 smoking2 stroke1 stroke2,2,76,0.9989393171,0.9963711426,0.9953616013,0.9929084598,0.9913261069,0.9887142948,0.9871966761,0.9847689061,0.9836743657,0.9803230476,0.9793287477,0.9762683515,0.9749092737,0.9726616728,0.9716863851,0.9694374576,0.9690284807,0.9683581981,0.9683581981
R5MEALSA R5LUNGE,age3_lin age3_sp1 age3_sp2 gender R5EATA R5CANCRE R5DIABE heart1 heart2 R5HIBPE R5MONEYA H5LVALONE R5PUSHA R5WALKSA bmi3_lin bmi3_sp1 bmi3_sp2 smoking1 smoking2 stroke1 stroke2,2,77,0.9990504315,0.9967387646,0.9958294531,0.9936190123,0.9921931305,0.9898386937,0.9884701169,0.9862807194,0.9852932371,0.9822676746,0.9813700747,0.9786073841,0.9773812402,0.975352918,0.9744725592,0.9724422426,0.9720730362,0.9714680164,0.9714680164
R5MEALSA H5LVALONE,age3_lin age3_sp1 age3_sp2 gender R5EATA R5CANCRE R5DIABE heart1 heart2 R5HIBPE R5MONEYA R5LUNGE R5PUSHA R5WALKSA bmi3_lin bmi3_sp1 bmi3_sp2 smoking1 smoking2 stroke1 stroke2,2,78,0.998864433,0.9961021592,0.9950162191,0.9923784026,0.9906783978,0.9878728978,0.9862428965,0.9836370655,0.9824621271,0.978862871,0.9777950652,0.9745086342,0.9730508833,0.9706414662,0.9695960332,0.967185847,0.9667477711,0.9660301533,0.9660301533
R5MONEYA stroke1 stroke2,age3_lin age3_sp1 age3_sp2 gender R5EATA R5CANCRE R5DIABE heart1 heart2 R5HIBPE R5MEALSA H5LVALONE R5LUNGE R5PUSHA R5WALKSA bmi3_lin bmi3_sp1 bmi3_sp2 smoking1 smoking2,2,79,0.9990243442,0.9966563194,0.9957255351,0.993465043,0.9920075525,0.9896010053,0.988202094,0.9859639971,0.9849553907,0.9818684492,0.9809528859,0.9781340685,0.976882805,0.9748139077,0.9739160322,0.97184546,0.9714687063,0.9708511477,0.9708511477
R5MONEYA smoking1 smoking2,age3_lin age3_sp1 age3_sp2 gender R5EATA R5CANCRE R5DIABE heart1 heart2 R5HIBPE R5MEALSA H5LVALONE R5LUNGE R5PUSHA R5WALKSA bmi3_lin bmi3_sp1 bmi3_sp2 stroke1 stroke2,2,80,0.9990936802,0.9968910795,0.9960243222,0.9939170493,0.9925571271,0.9903114806,0.9890061937,0.9869173109,0.9859755777,0.9830924297,0.9822370236,0.9796043686,0.9784356283,0.9765029635,0.9756642315,0.9737300517,0.9733783935,0.9728021542,0.9728021542
R5MONEYA bmi3_lin bmi3_sp1 bmi3_sp2,age3_lin age3_sp1 age3_sp2 gender R5EATA R5CANCRE R5DIABE heart1 heart2 R5HIBPE R5MEALSA H5LVALONE R5LUNGE R5PUSHA R5WALKSA smoking1 smoking2 stroke1 stroke2,2,81,0.998629511,0.9953014973,0.9939925408,0.9908129646,0.9887630332,0.9853818279,0.9834184093,0.9802809528,0.9788681288,0.9745473027,0.9732668192,0.9693290298,0.9675823243,0.9646966507,0.963444894,0.9605608503,0.9600366033,0.9591773831,0.9591773831
R5MONEYA R5WALKSA,age3_lin age3_sp1 age3_sp2 gender R5EATA R5CANCRE R5DIABE heart1 heart2 R5HIBPE R5MEALSA H5LVALONE R5LUNGE R5PUSHA bmi3_lin bmi3_sp1 bmi3_sp2 smoking1 smoking2 stroke1 stroke2,2,82,0.998874559,0.9961442947,0.9950712114,0.9924652283,0.9907851304,0.9880139566,0.986404935,0.9838311314,0.9826715886,0.979123429,0.9780702598,0.9748289474,0.9733898661,0.9710102608,0.9699768086,0.967593786,0.9671602681,0.9664494392,0.9664494392
R5MONEYA R5PUSHA,age3_lin age3_sp1 age3_sp2 gender R5EATA R5CANCRE R5DIABE heart1 heart2 R5HIBPE R5MEALSA H5LVALONE R5LUNGE R5WALKSA bmi3_lin bmi3_sp1 bmi3_sp2 smoking1 smoking2 stroke1 stroke2,2,83,0.9990551581,0.9967604143,0.9958577702,0.9936634637,0.9922479796,0.9899110478,0.9885525309,0.9863786912,0.985398592,0.9823980087,0.9815080369,0.9787694317,0.9775537357,0.9755431731,0.9746704287,0.9726569049,0.9722904367,0.9716897313,0.9716897313
R5MONEYA R5LUNGE,age3_lin age3_sp1 age3_sp2 gender R5EATA R5CANCRE R5DIABE heart1 heart2 R5HIBPE R5MEALSA H5LVALONE R5PUSHA R5WALKSA bmi3_lin bmi3_sp1 bmi3_sp2 smoking1 smoking2 stroke1 stroke2,2,84,0.9990422976,0.9967152803,0.9957995362,0.9935733023,0.9921370359,0.9897654191,0.9883869105,0.9861809018,0.985186467,0.9821424464,0.9812394732,0.978460604,0.9772270463,0.9751872591,0.974302018,0.9722607159,0.9718895447,0.9712812766,0.9712812766
R5MONEYA H5LVALONE,age3_lin age3_sp1 age3_sp2 gender R5EATA R5CANCRE R5DIABE heart1 heart2 R5HIBPE R5MEALSA R5LUNGE R5PUSHA R5WALKSA bmi3_lin bmi3_sp1 bmi3_sp2 smoking1 smoking2 stroke1 stroke2,2,85,0.9988452089,0.996041114,0.9949382794,0.9922593028,0.9905325666,0.9876829519,0.9860273475,0.9833796505,0.9821865441,0.9785352433,0.9774521525,0.9741190571,0.9726403163,0.9701971296,0.9691371013,0.9666935446,0.9662494276,0.9655218635,0.9655218635
H5LVALONE stroke1 stroke2,age3_lin age3_sp1 age3_sp2 gender R5EATA R5CANCRE R5DIABE heart1 heart2 R5HIBPE R5MEALSA R5MONEYA R5LUNGE R5PUSHA R5WALKSA bmi3_lin bmi3_sp1 bmi3_sp2 smoking1 smoking2,2,86,0.9989340701,0.9963381812,0.9953179246,0.9928410112,0.9912451158,0.9886107183,0.9870798062,0.984632102,0.9835287785,0.9801501116,0.9791480242,0.9760628976,0.9746947358,0.9724337654,0.9714526146,0.9691904006,0.968778989,0.9681049487,0.9681049487
H5LVALONE smoking1 smoking2,age3_lin age3_sp1 age3_sp2 gender R5EATA R5CANCRE R5DIABE heart1 heart2 R5HIBPE R5MEALSA R5MONEYA R5LUNGE R5PUSHA R5WALKSA bmi3_lin bmi3_sp1 bmi3_sp2 stroke1 stroke2,2,87,0.9990308699,0.9966684072,0.9957388777,0.9934799996,0.9920233773,0.9896185624,0.9882210148,0.9859859369,0.9849780714,0.9818906772,0.9809745807,0.9781550669,0.9769045009,0.9748376739,0.9739408133,0.9718729621,0.9714971948,0.9708817562,0.9708817562
H5LVALONE bmi3_lin bmi3_sp1 bmi3_sp2,age3_lin age3_sp1 age3_sp2 gender R5EATA R5CANCRE R5DIABE heart1 heart2 R5HIBPE R5MEALSA R5MONEYA R5LUNGE R5PUSHA R5WALKSA smoking1 smoking2 stroke1 stroke2,2,88,0.9984961397,0.9948335775,0.9933934243,0.9898971565,0.987645127,0.9839319032,0.9817763167,0.9783342219,0.9767840786,0.9720414282,0.9706360346,0.966314456,0.9643994471,0.9612377991,0.9598665654,0.9567081371,0.9561343115,0.9551942666,0.9551942666
H5LVALONE R5WALKSA,age3_lin age3_sp1 age3_sp2 gender R5EATA R5CANCRE R5DIABE heart1 heart2 R5HIBPE R5MEALSA R5MONEYA R5LUNGE R5PUSHA bmi3_lin bmi3_sp1 bmi3_sp2 smoking1 smoking2 stroke1 stroke2,2,89,0.9987824976,0.9958196196,0.9946553119,0.9918288426,0.990007907,0.9870050963,0.9852619026,0.982475376,0.9812198245,0.9773757536,0.9762347474,0.9727232678,0.9711657136,0.9685915448,0.9674737591,0.9648967723,0.9644281886,0.9636602289,0.9636602289
H5LVALONE R5PUSHA,age3_lin age3_sp1 age3_sp2 gender R5EATA R5CANCRE R5DIABE heart1 heart2 R5HIBPE R5MEALSA R5MONEYA R5LUNGE R5WALKSA bmi3_lin bmi3_sp1 bmi3_sp2 smoking1 smoking2 stroke1 stroke2,2,90,0.9989809717,0.9964979436,0.995521357,0.993148337,0.9916187479,0.9890939062,0.9876264042,0.9852796813,0.9842215082,0.9809800498,0.9800185565,0.9770597017,0.9757473673,0.9735781252,0.9726365778,0.970464775,0.9700697012,0.9694224063,0.9694224063
H5LVALONE R5LUNGE,age3_lin age3_sp1 age3_sp2 gender R5EATA R5CANCRE R5DIABE heart1 heart2 R5HIBPE R5MEALSA R5MONEYA R5PUSHA R5WALKSA bmi3_lin bmi3_sp1 bmi3_sp2 smoking1 smoking2 stroke1 stroke2,2,91,0.9989551904,0.996408625,0.9954066818,0.9929720338,0.9914025778,0.9888117031,0.9873060726,0.984898268,0.9838127193,0.9804881097,0.9795018624,0.9764666386,0.9751204963,0.9728957367,0.971930301,0.9697044535,0.9692998944,0.9686372017,0.9686372017
R5LUNGE stroke1 stroke2,age3_lin age3_sp1 age3_sp2 gender R5EATA R5CANCRE R5DIABE heart1 heart2 R5HIBPE R5MEALSA R5MONEYA H5LVALONE R5PUSHA R5WALKSA bmi3_lin bmi3_sp1 bmi3_sp2 smoking1 smoking2,2,92,0.9991030173,0.9969169892,0.9960573185,0.9939686827,0.9926217629,0.9903972295,0.9891039315,0.9870348562,0.9861019409,0.9832447557,0.982397361,0.9797884942,0.9786308988,0.9767162976,0.9758852352,0.9739685288,0.9736198002,0.9730482604,0.9730482604
R5LUNGE smoking1 smoking2,age3_lin age3_sp1 age3_sp2 gender R5EATA R5CANCRE R5DIABE heart1 heart2 R5HIBPE R5MEALSA R5MONEYA H5LVALONE R5PUSHA R5WALKSA bmi3_lin bmi3_sp1 bmi3_sp2 stroke1 stroke2,2,93,0.9991846982,0.9971958416,0.996412855,0.9945087021,0.993279812,0.9912499858,0.9900698732,0.9881813949,0.9873295963,0.9847200256,0.9839457803,0.981562897,0.980505444,0.9787563657,0.9779971878,0.9762463024,0.9759279875,0.9754064547,0.9754064547
R5LUNGE bmi3_lin bmi3_sp1 bmi3_sp2,age3_lin age3_sp1 age3_sp2 gender R5EATA R5CANCRE R5DIABE heart1 heart2 R5HIBPE R5MEALSA R5MONEYA H5LVALONE R5PUSHA R5WALKSA smoking1 smoking2 stroke1 stroke2,2,94,0.998723836,0.9956135381,0.9943896734,0.9914160342,0.9894988256,0.9863357725,0.9844986132,0.9815630032,0.9802404733,0.9761931183,0.9749936821,0.9713049923,0.9696694022,0.9669667769,0.9657942431,0.9630925492,0.9626014618,0.9617966671,0.9617966671
R5LUNGE R5WALKSA,age3_lin age3_sp1 age3_sp2 gender R5EATA R5CANCRE R5DIABE heart1 heart2 R5HIBPE R5MEALSA R5MONEYA H5LVALONE R5PUSHA bmi3_lin bmi3_sp1 bmi3_sp2 smoking1 smoking2 stroke1 stroke2,2,95,0.998964842,0.9964437042,0.9954524417,0.9930443445,0.9914915738,0.9889296455,0.9874417087,0.9850616784,0.9839889337,0.9807040026,0.9797289722,0.9767280776,0.9753962215,0.9731932211,0.9722362941,0.9700293619,0.9696278606,0.9689695897,0.9689695897
R5LUNGE R5PUSHA,age3_lin age3_sp1 age3_sp2 gender R5EATA R5CANCRE R5DIABE heart1 heart2 R5HIBPE R5MEALSA R5MONEYA H5LVALONE R5WALKSA bmi3_lin bmi3_sp1 bmi3_sp2 smoking1 smoking2 stroke1 stroke2,2,96,0.9991374062,0.997034166,0.9962065285,0.9941940161,0.9928957394,0.990751714,0.989505049,0.9875103189,0.9866106229,0.9838542898,0.9830367409,0.9805209091,0.9794045204,0.9775577084,0.976755908,0.9749058875,0.9745691979,0.9740173698,0.9740173698
R5PUSHA stroke1 stroke2,age3_lin age3_sp1 age3_sp2 gender R5EATA R5CANCRE R5DIABE heart1 heart2 R5HIBPE R5MEALSA R5MONEYA H5LVALONE R5LUNGE R5WALKSA bmi3_lin bmi3_sp1 bmi3_sp2 smoking1 smoking2,2,97,0.9991214032,0.9969810352,0.996139712,0.9940957698,0.9927778925,0.9906016222,0.9893361668,0.9873118968,0.986399078,0.9836029314,0.9827737542,0.9802212611,0.9790887228,0.9772153083,0.9764019666,0.9745252084,0.9741834259,0.9736231449,0.9736231449
R5PUSHA smoking1 smoking2,age3_lin age3_sp1 age3_sp2 gender R5EATA R5CANCRE R5DIABE heart1 heart2 R5HIBPE R5MEALSA R5MONEYA H5LVALONE R5LUNGE R5WALKSA bmi3_lin bmi3_sp1 bmi3_sp2 stroke1 stroke2,2,98,0.9991931603,0.9972255539,0.9964512702,0.9945683442,0.9933533023,0.9913466246,0.9901798233,0.9883128294,0.9874706285,0.9848900189,0.9841244599,0.9817684964,0.9807229832,0.9789933833,0.9782425059,0.9765099157,0.9761946383,0.9756779606,0.9756779606
R5PUSHA bmi3_lin bmi3_sp1 bmi3_sp2,age3_lin age3_sp1 age3_sp2 gender R5EATA R5CANCRE R5DIABE heart1 heart2 R5HIBPE R5MEALSA R5MONEYA H5LVALONE R5LUNGE R5WALKSA smoking1 smoking2 stroke1 stroke2,2,99,0.9988566195,0.9960702939,0.9949741494,0.9923102749,0.9905925909,0.9877584093,0.986111618,0.9834798364,0.9822938016,0.9786624688,0.9775861178,0.9742754156,0.9728070033,0.970379711,0.9693261988,0.9668970667,0.9664550497,0.9657304669,0.9657304669
R5PUSHA R5WALKSA,age3_lin age3_sp1 age3_sp2 gender R5EATA R5CANCRE R5DIABE heart1 heart2 R5HIBPE R5MEALSA R5MONEYA H5LVALONE R5LUNGE bmi3_lin bmi3_sp1 bmi3_sp2 smoking1 smoking2 stroke1 stroke2,2,100,0.9989910398,0.996535719,0.9955708975,0.9932271696,0.9917163124,0.9892244477,0.9877770584,0.9854622583,0.9844187354,0.981222376,0.9802735803,0.9773538116,0.9760578897,0.9739138139,0.9729821139,0.9708319781,0.9704402963,0.9697978775,0.9697978775
R5WALKSA stroke1 stroke2,age3_lin age3_sp1 age3_sp2 gender R5EATA R5CANCRE R5DIABE heart1 heart2 R5HIBPE R5MEALSA R5MONEYA H5LVALONE R5LUNGE R5PUSHA bmi3_lin bmi3_sp1 bmi3_sp2 smoking1 smoking2,2,101,0.9989543761,0.9964103343,0.9954111092,0.9929859872,0.9914230823,0.9888445294,0.9873469068,0.9849518863,0.9838726307,0.9805681947,0.9795875312,0.9765681349,0.9752281609,0.9730118988,0.9720492048,0.9698289048,0.9694247181,0.9687619103,0.9687619103
R5WALKSA smoking1 smoking2,age3_lin age3_sp1 age3_sp2 gender R5EATA R5CANCRE R5DIABE heart1 heart2 R5HIBPE R5MEALSA R5MONEYA H5LVALONE R5LUNGE R5PUSHA bmi3_lin bmi3_sp1 bmi3_sp2 stroke1 stroke2,2,102,0.9990097315,0.9965975432,0.9956490499,0.9933446796,0.9918584242,0.9894060913,0.9879817854,0.9857034664,0.9846764512,0.9815311293,0.9805974057,0.977723414,0.9764477992,0.9743377278,0.9734211928,0.9713073298,0.9709227696,0.9702923136,0.9702923136
R5WALKSA bmi3_lin bmi3_sp1 bmi3_sp2,age3_lin age3_sp1 age3_sp2 gender R5EATA R5CANCRE R5DIABE heart1 heart2 R5HIBPE R5MEALSA R5MONEYA H5LVALONE R5LUNGE R5PUSHA smoking1 smoking2 stroke1 stroke2,2,103,0.9984880161,0.9948098718,0.9933644981,0.989856957,0.9875973006,0.9838745486,0.9817151125,0.9782669942,0.9767147821,0.9719666206,0.9705587686,0.9662292668,0.9643093961,0.9611376379,0.9597605598,0.9565881566,0.9560112107,0.955065087,0.955065087
bmi3_lin bmi3_sp1 bmi3_sp2 stroke1 stroke2,age3_lin age3_sp1 age3_sp2 gender R5EATA R5CANCRE R5DIABE heart1 heart2 R5HIBPE R5MEALSA R5MONEYA H5LVALONE R5LUNGE R5PUSHA R5WALKSA smoking1 smoking2,2,104,0.9986766503,0.9954539419,0.9941872927,0.991112361,0.9891308388,0.9858619375,0.9839633964,0.980930449,0.9795644056,0.9753847313,0.9741463647,0.9703367258,0.9686476597,0.9658568353,0.9646460703,0.9618561529,0.9613487453,0.9605170707,0.9605170707
bmi3_lin bmi3_sp1 bmi3_sp2 smoking1 smoking2,age3_lin age3_sp1 age3_sp2 gender R5EATA R5CANCRE R5DIABE heart1 heart2 R5HIBPE R5MEALSA R5MONEYA H5LVALONE R5LUNGE R5PUSHA R5WALKSA stroke1 stroke2,2,105,0.998762952,0.9957476307,0.9945611607,0.9916782966,0.9898190455,0.9867516365,0.9849701504,0.9821236869,0.9808411862,0.9769158402,0.9757524165,0.9721745217,0.9705880527,0.9679667877,0.9668296772,0.9642097282,0.9637336146,0.9629534685,0.9629534685
smoking1 smoking2 stroke1 stroke2,age3_lin age3_sp1 age3_sp2 gender R5EATA R5CANCRE R5DIABE heart1 heart2 R5HIBPE R5MEALSA R5MONEYA H5LVALONE R5LUNGE R5PUSHA R5WALKSA bmi3_lin bmi3_sp1 bmi3_sp2,2,106,0.9991621895,0.9971200315,0.9963169221,0.9943655669,0.9931068058,0.9910277395,0.9898190152,0.9878852014,0.9870131567,0.9843419013,0.9835495017,0.9811097651,0.9800271312,0.9782364776,0.9774592518,0.9756666394,0.9753405242,0.9748061027,0.9748061027
