DELEVAR,VARINMODEL,nummissvar,modelnum,So_DEATH_t1,So_DEATH_t2,So_DEATH_t3,So_DEATH_t4,So_DEATH_t5,So_DEATH_t6,So_DEATH_t7,So_DEATH_t8,So_DEATH_t9,So_DEATH_t10,So_DEATH_t11,So_DEATH_t12,So_DEATH_t13,So_DEATH_t14,So_DEATH_t15,So_DEATH_t16,So_DEATH_t17,So_DEATH_t18,So_DEATH_t19
all except age,age3_lin age3_sp1 age3_sp2,15,0,0.9999899891,0.9999762018,0.999960436,0.9999426192,0.9999236513,0.9999029759,0.9998817254,0.9998534565,0.9998277682,0.9997975479,0.9997638539,0.999728288,0.9996882108,0.9996438446,0.9995993488,0.9995386876,0.999483647,0.9994311526,0.9993885667
,age3_lin age3_sp1 age3_sp2 gender R5EATA R5CANCRE R5DIABE heart1 heart2 R5HIBPE R5MEALSA R5MONEYA H5LVALONE R5LUNGE R5PUSHA R5WALKSA bmi3_lin bmi3_sp1 bmi3_sp2 smoking1 smoking2 stroke1 stroke2,0,1,0.9999788904,0.9999484597,0.9999115225,0.9998676904,0.9998188031,0.999763087,0.9997044056,0.9996234076,0.9995469862,0.9994535676,0.9993469115,0.9992309709,0.9990978864,0.9989474069,0.9987941405,0.9985808209,0.9983837402,0.9981916707,0.9980332878
R5EATA,age3_lin age3_sp1 age3_sp2 gender R5CANCRE R5DIABE heart1 heart2 R5HIBPE R5MEALSA R5MONEYA H5LVALONE R5LUNGE R5PUSHA R5WALKSA bmi3_lin bmi3_sp1 bmi3_sp2 smoking1 smoking2 stroke1 stroke2,1,2,0.9999798043,0.999950763,0.9999155392,0.9998738518,0.9998274232,0.9997745275,0.9997188828,0.9996421169,0.9995697735,0.9994812802,0.9993802208,0.9992705495,0.9991446263,0.9990021952,0.9988570926,0.9986550628,0.9984682596,0.9982863759,0.9981365404
R5CANCRE,age3_lin age3_sp1 age3_sp2 gender R5EATA R5DIABE heart1 heart2 R5HIBPE R5MEALSA R5MONEYA H5LVALONE R5LUNGE R5PUSHA R5WALKSA bmi3_lin bmi3_sp1 bmi3_sp2 smoking1 smoking2 stroke1 stroke2,1,3,0.9999816336,0.9999551682,0.9999230695,0.9998850407,0.9998426892,0.9997944245,0.9997435827,0.9996734069,0.999607161,0.9995261765,0.9994338472,0.9993335362,0.9992181948,0.9990877958,0.9989550728,0.9987706005,0.9986004475,0.9984346179,0.9982978986
R5DIABE,age3_lin age3_sp1 age3_sp2 gender R5EATA R5CANCRE heart1 heart2 R5HIBPE R5MEALSA R5MONEYA H5LVALONE R5LUNGE R5PUSHA R5WALKSA bmi3_lin bmi3_sp1 bmi3_sp2 smoking1 smoking2 stroke1 stroke2,1,4,0.9999778582,0.9999460451,0.9999075535,0.9998619981,0.9998113254,0.9997538395,0.9996933393,0.9996100115,0.9995315943,0.9994360765,0.9993271666,0.9992087798,0.9990730698,0.9989198823,0.998763911,0.9985475305,0.9983477335,0.9981527262,0.9979915582
heart1 heart2,age3_lin age3_sp1 age3_sp2 gender R5EATA R5CANCRE R5DIABE R5HIBPE R5MEALSA R5MONEYA H5LVALONE R5LUNGE R5PUSHA R5WALKSA bmi3_lin bmi3_sp1 bmi3_sp2 smoking1 smoking2 stroke1 stroke2,1,5,0.9999786582,0.9999479151,0.9999106855,0.9998666977,0.9998178221,0.9997622837,0.9997037776,0.9996231273,0.9995471875,0.9994545909,0.9993489738,0.9992343553,0.9991028368,0.9989545559,0.9988034992,0.9985931274,0.9983988457,0.9982101244,0.9980547926
R5HIBPE,age3_lin age3_sp1 age3_sp2 gender R5EATA R5CANCRE R5DIABE heart1 heart2 R5MEALSA R5MONEYA H5LVALONE R5LUNGE R5PUSHA R5WALKSA bmi3_lin bmi3_sp1 bmi3_sp2 smoking1 smoking2 stroke1 stroke2,1,6,0.9999780106,0.9999463372,0.9999079054,0.9998622679,0.9998113128,0.9997533003,0.9996921835,0.9996079469,0.999528515,0.9994314458,0.9993207439,0.9992006235,0.9990628642,0.9989071839,0.9987487723,0.9985286917,0.9983256706,0.9981284202,0.9979660686
R5MEALSA,age3_lin age3_sp1 age3_sp2 gender R5EATA R5CANCRE R5DIABE heart1 heart2 R5HIBPE R5MONEYA H5LVALONE R5LUNGE R5PUSHA R5WALKSA bmi3_lin bmi3_sp1 bmi3_sp2 smoking1 smoking2 stroke1 stroke2,1,7,0.9999775847,0.9999453001,0.9999062072,0.9998598806,0.9998082942,0.9997494706,0.999687574,0.9996021988,0.9995215353,0.9994231092,0.9993106874,0.9991884498,0.999048192,0.9988897403,0.9987284146,0.9985036677,0.9982962167,0.9980938179,0.9979269522
R5MONEYA,age3_lin age3_sp1 age3_sp2 gender R5EATA R5CANCRE R5DIABE heart1 heart2 R5HIBPE R5MEALSA H5LVALONE R5LUNGE R5PUSHA R5WALKSA bmi3_lin bmi3_sp1 bmi3_sp2 smoking1 smoking2 stroke1 stroke2,1,8,0.9999810405,0.9999537708,0.9999207112,0.999881522,0.9998378881,0.9997882899,0.999736138,0.9996642228,0.9995963478,0.9995134789,0.9994189019,0.9993160773,0.9991979374,0.9990642875,0.9989282207,0.9987387962,0.9985634934,0.998392702,0.9982519784
H5LVALONE,age3_lin age3_sp1 age3_sp2 gender R5EATA R5CANCRE R5DIABE heart1 heart2 R5HIBPE R5MEALSA R5MONEYA R5LUNGE R5PUSHA R5WALKSA bmi3_lin bmi3_sp1 bmi3_sp2 smoking1 smoking2 stroke1 stroke2,1,9,0.9999799003,0.9999509121,0.9999157262,0.9998739921,0.9998274648,0.9997744312,0.9997185541,0.9996414768,0.9995688321,0.9994800636,0.9993786815,0.9992685206,0.999142146,0.9989993226,0.9988540063,0.9986517329,0.9984647701,0.9982825375,0.9981322973
R5LUNGE,age3_lin age3_sp1 age3_sp2 gender R5EATA R5CANCRE R5DIABE heart1 heart2 R5HIBPE R5MEALSA R5MONEYA H5LVALONE R5PUSHA R5WALKSA bmi3_lin bmi3_sp1 bmi3_sp2 smoking1 smoking2 stroke1 stroke2,1,10,0.9999662284,0.9999177798,0.9998593943,0.9997903844,0.9997138791,0.9996269061,0.9995354329,0.9994092846,0.9992907051,0.9991459872,0.9989813049,0.9988032189,0.9985987731,0.9983675859,0.9981320739,0.9978046897,0.9975031874,0.9972097367,0.9969681542
R5PUSHA,age3_lin age3_sp1 age3_sp2 gender R5EATA R5CANCRE R5DIABE heart1 heart2 R5HIBPE R5MEALSA R5MONEYA H5LVALONE R5LUNGE R5WALKSA bmi3_lin bmi3_sp1 bmi3_sp2 smoking1 smoking2 stroke1 stroke2,1,11,0.999978327,0.9999471206,0.999909309,0.9998645173,0.9998145777,0.9997576968,0.9996978193,0.9996152308,0.9995374534,0.9994424138,0.9993338999,0.9992159924,0.9990806792,0.9989279587,0.9987725814,0.9985564203,0.9983566721,0.9981622741,0.9980017849
R5WALKSA,age3_lin age3_sp1 age3_sp2 gender R5EATA R5CANCRE R5DIABE heart1 heart2 R5HIBPE R5MEALSA R5MONEYA H5LVALONE R5LUNGE R5PUSHA bmi3_lin bmi3_sp1 bmi3_sp2 smoking1 smoking2 stroke1 stroke2,1,12,0.9999724703,0.9999328568,0.9998849121,0.9998280813,0.9997648026,0.9996928981,0.9996174303,0.9995137704,0.9994163696,0.9992976547,0.999162412,0.999015577,0.9988475778,0.9986576701,0.9984641822,0.9981950302,0.9979470084,0.9977067456,0.997509199
bmi3_lin bmi3_sp1 bmi3_sp2,age3_lin age3_sp1 age3_sp2 gender R5EATA R5CANCRE R5DIABE heart1 heart2 R5HIBPE R5MEALSA R5MONEYA H5LVALONE R5LUNGE R5PUSHA R5WALKSA smoking1 smoking2 stroke1 stroke2,1,13,0.9999981186,0.999995429,0.9999922007,0.9999883857,0.9999841398,0.9999793274,0.9999742616,0.9999673007,0.9999607569,0.9999527787,0.9999436954,0.9999338615,0.9999225868,0.9999098645,0.9998969395,0.9998789341,0.9998622391,0.9998459435,0.9998324958
smoking1 smoking2,age3_lin age3_sp1 age3_sp2 gender R5EATA R5CANCRE R5DIABE heart1 heart2 R5HIBPE R5MEALSA R5MONEYA H5LVALONE R5LUNGE R5PUSHA R5WALKSA bmi3_lin bmi3_sp1 bmi3_sp2 stroke1 stroke2,1,14,0.9999666789,0.9999186867,0.9998604684,0.9997913438,0.9997143844,0.9996268585,0.9995346988,0.9994077528,0.9992883518,0.9991427102,0.9989768866,0.9987972821,0.9985916561,0.998359482,0.9981228762,0.997794081,0.9974906176,0.9971957985,0.9969538914
stroke1 stroke2,age3_lin age3_sp1 age3_sp2 gender R5EATA R5CANCRE R5DIABE heart1 heart2 R5HIBPE R5MEALSA R5MONEYA H5LVALONE R5LUNGE R5PUSHA R5WALKSA bmi3_lin bmi3_sp1 bmi3_sp2 smoking1 smoking2,1,15,0.9999788957,0.9999484674,0.9999115527,0.9998677371,0.9998188826,0.9997632285,0.9997045655,0.9996235409,0.9995471409,0.9994538732,0.9993474522,0.999231788,0.9990990137,0.9989490814,0.9987965345,0.9985845069,0.9983886609,0.9981977439,0.9980401699
R5EATA stroke1 stroke2,age3_lin age3_sp1 age3_sp2 gender R5CANCRE R5DIABE heart1 heart2 R5HIBPE R5MEALSA R5MONEYA H5LVALONE R5LUNGE R5PUSHA R5WALKSA bmi3_lin bmi3_sp1 bmi3_sp2 smoking1 smoking2,2,16,0.9999793177,0.9999495715,0.999913519,0.9998708453,0.9998233327,0.9997692273,0.9997122651,0.9996336258,0.999559565,0.9994691059,0.9993658621,0.9992538289,0.9991251782,0.9989798425,0.998831938,0.998626302,0.998436206,0.9982510466,0.9980983684
R5EATA smoking1 smoking2,age3_lin age3_sp1 age3_sp2 gender R5CANCRE R5DIABE heart1 heart2 R5HIBPE R5MEALSA R5MONEYA H5LVALONE R5LUNGE R5PUSHA R5WALKSA bmi3_lin bmi3_sp1 bmi3_sp2 stroke1 stroke2,2,17,0.9999683275,0.999922821,0.9998676693,0.9998023788,0.9997297978,0.9996472792,0.999560495,0.9994410325,0.9993288118,0.9991918476,0.9990358842,0.9988672159,0.9986740607,0.9984559105,0.9982335574,0.9979244991,0.9976390591,0.9973619332,0.9971346951
R5EATA heart1 heart2,age3_lin age3_sp1 age3_sp2 gender R5CANCRE R5DIABE R5HIBPE R5MEALSA R5MONEYA H5LVALONE R5LUNGE R5PUSHA R5WALKSA bmi3_lin bmi3_sp1 bmi3_sp2 smoking1 smoking2 stroke1 stroke2,2,18,0.9999792609,0.9999494406,0.9999133489,0.9998707961,0.9998235578,0.9997698966,0.9997134246,0.9996356235,0.9995624452,0.9994731674,0.9993713159,0.9992609508,0.9991342903,0.9989914338,0.9988458768,0.9986430861,0.9984556662,0.9982737346,0.9981241107
R5EATA bmi3_lin bmi3_sp1 bmi3_sp2,age3_lin age3_sp1 age3_sp2 gender R5CANCRE R5DIABE heart1 heart2 R5HIBPE R5MEALSA R5MONEYA H5LVALONE R5LUNGE R5PUSHA R5WALKSA smoking1 smoking2 stroke1 stroke2,2,19,0.999998194,0.9999956187,0.9999925302,0.9999888902,0.9999848457,0.9999802631,0.999975445,0.9999688292,0.9999626159,0.999955036,0.9999464038,0.9999370721,0.9999263691,0.9999142877,0.9999020111,0.9998848981,0.9998690143,0.9998535261,0.9998407584
R5EATA R5WALKSA,age3_lin age3_sp1 age3_sp2 gender R5CANCRE R5DIABE heart1 heart2 R5HIBPE R5MEALSA R5MONEYA H5LVALONE R5LUNGE R5PUSHA bmi3_lin bmi3_sp1 bmi3_sp2 smoking1 smoking2 stroke1 stroke2,2,20,0.9999734077,0.9999352498,0.999889116,0.999834598,0.999773996,0.9997051618,0.9996330232,0.9995340027,0.9994410778,0.9993277401,0.9991985915,0.9990586237,0.9988984344,0.9987172854,0.9985326799,0.9982757762,0.9980388653,0.9978096364,0.9976213828
R5EATA R5PUSHA,age3_lin age3_sp1 age3_sp2 gender R5CANCRE R5DIABE heart1 heart2 R5HIBPE R5MEALSA R5MONEYA H5LVALONE R5LUNGE R5WALKSA bmi3_lin bmi3_sp1 bmi3_sp2 smoking1 smoking2 stroke1 stroke2,2,21,0.9999791512,0.9999492217,0.9999130006,0.9998702288,0.9998226232,0.9997684242,0.9997114497,0.9996329186,0.9995590716,0.9994687781,0.9993656582,0.9992538262,0.9991254457,0.9989805004,0.9988330125,0.9986277486,0.9984378952,0.9982533451,0.9981011457
R5EATA R5MONEYA,age3_lin age3_sp1 age3_sp2 gender R5CANCRE R5DIABE heart1 heart2 R5HIBPE R5MEALSA H5LVALONE R5LUNGE R5PUSHA R5WALKSA bmi3_lin bmi3_sp1 bmi3_sp2 smoking1 smoking2 stroke1 stroke2,2,22,0.9999819283,0.9999560193,0.9999246466,0.9998875912,0.9998464224,0.9997996667,0.999750589,0.9996829698,0.9996192465,0.9995414141,0.9994525661,0.9993561605,0.9992453432,0.9991199244,0.9989922144,0.9988143545,0.9986495545,0.9984891655,0.9983571809
R5EATA R5MEALSA,age3_lin age3_sp1 age3_sp2 gender R5CANCRE R5DIABE heart1 heart2 R5HIBPE R5MONEYA H5LVALONE R5LUNGE R5PUSHA R5WALKSA bmi3_lin bmi3_sp1 bmi3_sp2 smoking1 smoking2 stroke1 stroke2,2,23,0.9999785572,0.9999478008,0.9999106243,0.9998667518,0.999818015,0.9997624755,0.9997041416,0.9996237664,0.999547912,0.9994553162,0.9993495019,0.9992346935,0.9991029441,0.9989540746,0.998802468,0.9985911121,0.998395827,0.998205415,0.9980486179
R5EATA R5LUNGE,age3_lin age3_sp1 age3_sp2 gender R5CANCRE R5DIABE heart1 heart2 R5HIBPE R5MEALSA R5MONEYA H5LVALONE R5PUSHA R5WALKSA bmi3_lin bmi3_sp1 bmi3_sp2 smoking1 smoking2 stroke1 stroke2,2,24,0.9999679799,0.9999221583,0.9998669727,0.9998019059,0.9997298792,0.9996480315,0.9995620576,0.9994435646,0.9993323255,0.9991964761,0.9990418599,0.9988748996,0.9986831655,0.9984662911,0.998245303,0.9979380001,0.9976547608,0.9973793527,0.9971528587
R5EATA R5HIBPE,age3_lin age3_sp1 age3_sp2 gender R5CANCRE R5DIABE heart1 heart2 R5MEALSA R5MONEYA H5LVALONE R5LUNGE R5PUSHA R5WALKSA bmi3_lin bmi3_sp1 bmi3_sp2 smoking1 smoking2 stroke1 stroke2,2,25,0.9999788059,0.9999483603,0.999911452,0.9998677447,0.999819019,0.9997635737,0.9997052333,0.9996248679,0.9995491831,0.9994566255,0.9993510448,0.9992366811,0.9991054899,0.9989571895,0.9988062586,0.9985964953,0.9984028377,0.9982148753,0.9980603284
R5EATA R5DIABE,age3_lin age3_sp1 age3_sp2 gender R5CANCRE heart1 heart2 R5HIBPE R5MEALSA R5MONEYA H5LVALONE R5LUNGE R5PUSHA R5WALKSA bmi3_lin bmi3_sp1 bmi3_sp2 smoking1 smoking2 stroke1 stroke2,2,26,0.99997852,0.999947736,0.999910514,0.9998665702,0.9998177664,0.9997624249,0.9997042561,0.9996241715,0.9995488875,0.99945713,0.9993524877,0.9992389452,0.9991087538,0.9989617459,0.9988120437,0.9986043084,0.9984123437,0.9982251083,0.9980704642
R5EATA R5CANCRE,age3_lin age3_sp1 age3_sp2 gender R5DIABE heart1 heart2 R5HIBPE R5MEALSA R5MONEYA H5LVALONE R5LUNGE R5PUSHA R5WALKSA bmi3_lin bmi3_sp1 bmi3_sp2 smoking1 smoking2 stroke1 stroke2,2,27,0.999982405,0.9999571109,0.999926455,0.9998902241,0.9998499304,0.9998040295,0.9997557273,0.9996890894,0.9996262595,0.9995494001,0.9994617539,0.9993666915,0.9992573596,0.9991337147,0.9990078345,0.9988328125,0.9986712497,0.9985139403,0.9983843713
R5EATA H5LVALONE,age3_lin age3_sp1 age3_sp2 gender R5CANCRE R5DIABE heart1 heart2 R5HIBPE R5MEALSA R5MONEYA R5LUNGE R5PUSHA R5WALKSA bmi3_lin bmi3_sp1 bmi3_sp2 smoking1 smoking2 stroke1 stroke2,2,28,0.9999807535,0.9999530658,0.9999194852,0.9998797638,0.999835544,0.999785161,0.9997321393,0.9996590391,0.9995902193,0.999506071,0.9994099422,0.9993056695,0.999186017,0.999050743,0.9989130744,0.9987213838,0.998544059,0.9983713684,0.998229126
R5CANCRE stroke1 stroke2,age3_lin age3_sp1 age3_sp2 gender R5EATA R5DIABE heart1 heart2 R5HIBPE R5MEALSA R5MONEYA H5LVALONE R5LUNGE R5PUSHA R5WALKSA bmi3_lin bmi3_sp1 bmi3_sp2 smoking1 smoking2,2,29,0.9999817516,0.9999554521,0.999923573,0.9998857936,0.9998437298,0.9997958175,0.999745309,0.9996755498,0.9996097375,0.9995293813,0.9994378203,0.9993383653,0.9992240044,0.9990948779,0.9989635876,0.998781366,0.9986133256,0.9984495119,0.9983143326
R5CANCRE smoking1 smoking2,age3_lin age3_sp1 age3_sp2 gender R5EATA R5DIABE heart1 heart2 R5HIBPE R5MEALSA R5MONEYA H5LVALONE R5LUNGE R5PUSHA R5WALKSA bmi3_lin bmi3_sp1 bmi3_sp2 stroke1 stroke2,2,30,0.999971445,0.999930335,0.9998804945,0.9998214038,0.9997557104,0.9996809996,0.9996023282,0.9994939823,0.9993920304,0.999267681,0.9991262859,0.9989732363,0.9987977164,0.9985995988,0.9983978583,0.9981179089,0.9978599209,0.9976092934,0.9974036845
R5CANCRE heart1 heart2,age3_lin age3_sp1 age3_sp2 gender R5EATA R5DIABE R5HIBPE R5MEALSA R5MONEYA H5LVALONE R5LUNGE R5PUSHA R5WALKSA bmi3_lin bmi3_sp1 bmi3_sp2 smoking1 smoking2 stroke1 stroke2,2,31,0.9999815944,0.9999550936,0.9999230268,0.999885198,0.9998432331,0.9997955541,0.9997453136,0.9996760603,0.999610811,0.9995312548,0.9994406513,0.9993423778,0.9992294123,0.9991020728,0.9989724347,0.9987921507,0.9986259218,0.9984644618,0.9983316142
R5CANCRE bmi3_lin bmi3_sp1 bmi3_sp2,age3_lin age3_sp1 age3_sp2 gender R5EATA R5DIABE heart1 heart2 R5HIBPE R5MEALSA R5MONEYA H5LVALONE R5LUNGE R5PUSHA R5WALKSA smoking1 smoking2 stroke1 stroke2,2,32,0.9999983516,0.9999959962,0.9999931713,0.999989839,0.9999861356,0.9999819383,0.9999775191,0.999971447,0.999965736,0.9999587726,0.999950856,0.9999422924,0.9999324578,0.9999213604,0.9999100934,0.9998944179,0.999879907,0.9998657416,0.9998540544
R5CANCRE R5WALKSA,age3_lin age3_sp1 age3_sp2 gender R5EATA R5DIABE heart1 heart2 R5HIBPE R5MEALSA R5MONEYA H5LVALONE R5LUNGE R5PUSHA bmi3_lin bmi3_sp1 bmi3_sp2 smoking1 smoking2 stroke1 stroke2,2,33,0.9999755898,0.9999404771,0.999898013,0.9998477562,0.9997918725,0.9997283703,0.9996617061,0.9995701379,0.9994840574,0.9993791172,0.9992597284,0.9991301813,0.9989817222,0.9988139233,0.9986430862,0.9984057563,0.9981874108,0.9979758883,0.9978020511
R5CANCRE R5PUSHA,age3_lin age3_sp1 age3_sp2 gender R5EATA R5DIABE heart1 heart2 R5HIBPE R5MEALSA R5MONEYA H5LVALONE R5LUNGE R5WALKSA bmi3_lin bmi3_sp1 bmi3_sp2 smoking1 smoking2 stroke1 stroke2,2,34,0.9999811707,0.9999540715,0.9999212655,0.9998824671,0.9998392758,0.9997900844,0.9997382915,0.9996668526,0.9995995439,0.9995172993,0.9994235221,0.9993216807,0.9992046029,0.9990724933,0.9989381794,0.998751567,0.9985793968,0.9984118331,0.9982735236
R5CANCRE R5MONEYA,age3_lin age3_sp1 age3_sp2 gender R5EATA R5DIABE heart1 heart2 R5HIBPE R5MEALSA H5LVALONE R5LUNGE R5PUSHA R5WALKSA bmi3_lin bmi3_sp1 bmi3_sp2 smoking1 smoking2 stroke1 stroke2,2,35,0.9999835601,0.9999599257,0.9999312938,0.9998974114,0.9998597454,0.9998169303,0.9997718982,0.9997097972,0.9996511537,0.9995795531,0.9994979571,0.9994093007,0.9993072648,0.9991918348,0.9990743876,0.9989111085,0.998760254,0.9986132798,0.9984922031
R5CANCRE R5MEALSA,age3_lin age3_sp1 age3_sp2 gender R5EATA R5DIABE heart1 heart2 R5HIBPE R5MONEYA H5LVALONE R5LUNGE R5PUSHA R5WALKSA bmi3_lin bmi3_sp1 bmi3_sp2 smoking1 smoking2 stroke1 stroke2,2,36,0.9999805036,0.999952434,0.9999184687,0.9998782802,0.9998335919,0.9997826341,0.9997290041,0.9996550325,0.9995851053,0.9994997845,0.9994024626,0.9992967032,0.9991751416,0.999037827,0.9988981069,0.9987037186,0.9985245542,0.9983497455,0.9982056482
R5CANCRE R5LUNGE,age3_lin age3_sp1 age3_sp2 gender R5EATA R5DIABE heart1 heart2 R5HIBPE R5MEALSA R5MONEYA H5LVALONE R5PUSHA R5WALKSA bmi3_lin bmi3_sp1 bmi3_sp2 smoking1 smoking2 stroke1 stroke2,2,37,0.9999704027,0.9999279615,0.9998768607,0.9998165704,0.9997498294,0.9996739481,0.9995941359,0.9994840679,0.9993805529,0.9992542022,0.9991106197,0.9989554234,0.9987769153,0.9985750793,0.9983695978,0.9980844002,0.9978222649,0.9975671391,0.9973571054
R5CANCRE R5HIBPE,age3_lin age3_sp1 age3_sp2 gender R5EATA R5DIABE heart1 heart2 R5MEALSA R5MONEYA H5LVALONE R5LUNGE R5PUSHA R5WALKSA bmi3_lin bmi3_sp1 bmi3_sp2 smoking1 smoking2 stroke1 stroke2,2,38,0.9999807305,0.999952986,0.9999193494,0.9998794732,0.9998350178,0.9997844068,0.9997310792,0.999657577,0.9995882271,0.9995034779,0.9994069503,0.9993022708,0.9991820184,0.9990461436,0.9989079748,0.9987162664,0.9985396921,0.9983681248,0.9982269338
R5CANCRE R5DIABE,age3_lin age3_sp1 age3_sp2 gender R5EATA heart1 heart2 R5HIBPE R5MEALSA R5MONEYA H5LVALONE R5LUNGE R5PUSHA R5WALKSA bmi3_lin bmi3_sp1 bmi3_sp2 smoking1 smoking2 stroke1 stroke2,2,39,0.9999809347,0.9999535532,0.9999204519,0.999881339,0.9998378913,0.9997885933,0.9997367062,0.9996652533,0.9995979721,0.9995160089,0.9994226849,0.9993212954,0.9992048759,0.9990734824,0.998939811,0.9987546313,0.9985839421,0.9984173647,0.9982797225
R5CANCRE H5LVALONE,age3_lin age3_sp1 age3_sp2 gender R5EATA R5DIABE heart1 heart2 R5HIBPE R5MEALSA R5MONEYA R5LUNGE R5PUSHA R5WALKSA bmi3_lin bmi3_sp1 bmi3_sp2 smoking1 smoking2 stroke1 stroke2,2,40,0.999982419,0.9999570723,0.9999263318,0.99988993,0.9998494054,0.999803217,0.9997545447,0.9996874072,0.9996240974,0.9995467323,0.9994584987,0.9993626771,0.9992525613,0.9991281381,0.9990016378,0.9988257982,0.9986635302,0.9985053597,0.9983749824
R5DIABE stroke1 stroke2,age3_lin age3_sp1 age3_sp2 gender R5EATA R5CANCRE heart1 heart2 R5HIBPE R5MEALSA R5MONEYA H5LVALONE R5LUNGE R5PUSHA R5WALKSA bmi3_lin bmi3_sp1 bmi3_sp2 smoking1 smoking2,2,41,0.9999776131,0.9999454375,0.9999065325,0.9998604795,0.9998092713,0.9997512069,0.9996900416,0.9996057473,0.9995264652,0.9994300154,0.9993201064,0.9992006516,0.9990637114,0.9989093404,0.9987523376,0.9985348222,0.9983340233,0.9981379562,0.9979757587
R5DIABE smoking1 smoking2,age3_lin age3_sp1 age3_sp2 gender R5EATA R5CANCRE heart1 heart2 R5HIBPE R5MEALSA R5MONEYA H5LVALONE R5LUNGE R5PUSHA R5WALKSA bmi3_lin bmi3_sp1 bmi3_sp2 stroke1 stroke2,2,42,0.9999650433,0.9999148726,0.9998542359,0.99978245,0.9997027596,0.9996125605,0.9995176593,0.9993872534,0.9992649242,0.9991162808,0.9989472602,0.9987642436,0.9985551171,0.9983194415,0.9980793124,0.9977466814,0.9974399804,0.9971415909,0.9968961281
R5DIABE heart1 heart2,age3_lin age3_sp1 age3_sp2 gender R5EATA R5CANCRE R5HIBPE R5MEALSA R5MONEYA H5LVALONE R5LUNGE R5PUSHA R5WALKSA bmi3_lin bmi3_sp1 bmi3_sp2 smoking1 smoking2 stroke1 stroke2,2,43,0.99997771,0.9999457191,0.9999071136,0.9998616326,0.9998112602,0.9997543004,0.9996943546,0.9996119239,0.9995345325,0.9994405565,0.9993335331,0.9992174317,0.999084419,0.9989347463,0.9987823782,0.9985709768,0.9983759176,0.9981861511,0.9980296236
R5DIABE bmi3_lin bmi3_sp1 bmi3_sp2,age3_lin age3_sp1 age3_sp2 gender R5EATA R5CANCRE heart1 heart2 R5HIBPE R5MEALSA R5MONEYA H5LVALONE R5LUNGE R5PUSHA R5WALKSA smoking1 smoking2 stroke1 stroke2,2,44,0.9999977555,0.9999945543,0.9999907206,0.9999862008,0.9999811821,0.999975515,0.9999695516,0.999961369,0.9999536935,0.9999443628,0.99993375,0.9999222587,0.9999090999,0.9998942685,0.9998792006,0.9998582774,0.9998388892,0.999819938,0.9998042682
R5DIABE R5WALKSA,age3_lin age3_sp1 age3_sp2 gender R5EATA R5CANCRE heart1 heart2 R5HIBPE R5MEALSA R5MONEYA H5LVALONE R5LUNGE R5PUSHA bmi3_lin bmi3_sp1 bmi3_sp2 smoking1 smoking2 stroke1 stroke2,2,45,0.9999705584,0.9999283466,0.9998774378,0.9998172627,0.9997504333,0.999674857,0.9995956124,0.9994870657,0.9993853647,0.9992618756,0.9991213994,0.9989688797,0.9987946344,0.9985980272,0.9983978115,0.9981201416,0.997864483,0.9976165331,0.9974122059
R5DIABE R5PUSHA,age3_lin age3_sp1 age3_sp2 gender R5EATA R5CANCRE heart1 heart2 R5HIBPE R5MEALSA R5MONEYA H5LVALONE R5LUNGE R5WALKSA bmi3_lin bmi3_sp1 bmi3_sp2 smoking1 smoking2 stroke1 stroke2,2,46,0.9999770589,0.9999441336,0.9999043656,0.999857377,0.9998051291,0.9997458878,0.9996835722,0.9995978066,0.9995172566,0.9994191763,0.9993073431,0.9991858427,0.999046578,0.9988896631,0.9987300532,0.9985087685,0.9983044207,0.9981052497,0.9979404795
R5DIABE R5MONEYA,age3_lin age3_sp1 age3_sp2 gender R5EATA R5CANCRE heart1 heart2 R5HIBPE R5MEALSA H5LVALONE R5LUNGE R5PUSHA R5WALKSA bmi3_lin bmi3_sp1 bmi3_sp2 smoking1 smoking2 stroke1 stroke2,2,47,0.9999801647,0.9999517337,0.9999173779,0.9998767646,0.9998316689,0.9997806296,0.99972702,0.9996532632,0.9995838249,0.999499368,0.9994031105,0.9992984694,0.9991784002,0.9990427991,0.9989048155,0.9987133416,0.9985362011,0.9983633303,0.9982205587
R5DIABE R5MEALSA,age3_lin age3_sp1 age3_sp2 gender R5EATA R5CANCRE heart1 heart2 R5HIBPE R5MONEYA H5LVALONE R5LUNGE R5PUSHA R5WALKSA bmi3_lin bmi3_sp1 bmi3_sp2 smoking1 smoking2 stroke1 stroke2,2,48,0.9999761191,0.9999418298,0.9999004472,0.9998515516,0.9997972647,0.9997356489,0.9996708545,0.9995816953,0.9994976856,0.9993955288,0.9992789826,0.9991522735,0.9990071088,0.9988434274,0.9986768347,0.9984455424,0.9982322479,0.9980238246,0.9978515968
R5DIABE R5LUNGE,age3_lin age3_sp1 age3_sp2 gender R5EATA R5CANCRE heart1 heart2 R5HIBPE R5MEALSA R5MONEYA H5LVALONE R5PUSHA R5WALKSA bmi3_lin bmi3_sp1 bmi3_sp2 smoking1 smoking2 stroke1 stroke2,2,49,0.9999656594,0.9999165401,0.9998574929,0.9997878515,0.999710823,0.9996236278,0.9995319684,0.9994057775,0.999287437,0.9991434873,0.9989798826,0.9988029947,0.9986001962,0.9983712613,0.9981381487,0.997815021,0.9975174969,0.997227508,0.9969883061
R5DIABE R5HIBPE,age3_lin age3_sp1 age3_sp2 gender R5EATA R5CANCRE heart1 heart2 R5MEALSA R5MONEYA H5LVALONE R5LUNGE R5PUSHA R5WALKSA bmi3_lin bmi3_sp1 bmi3_sp2 smoking1 smoking2 stroke1 stroke2,2,50,0.9999771807,0.999944425,0.9999048099,0.9998578905,0.9998056342,0.9997464353,0.9996841167,0.9995984268,0.9995178503,0.9994197498,0.9993080245,0.9991868359,0.9990480961,0.9988916168,0.9987324778,0.9985121494,0.998309025,0.998111437,0.9979484495
R5DIABE H5LVALONE,age3_lin age3_sp1 age3_sp2 gender R5EATA R5CANCRE heart1 heart2 R5HIBPE R5MEALSA R5MONEYA R5LUNGE R5PUSHA R5WALKSA bmi3_lin bmi3_sp1 bmi3_sp2 smoking1 smoking2 stroke1 stroke2,2,51,0.999978915,0.9999486082,0.9999119382,0.9998685561,0.999820315,0.9997655792,0.9997079512,0.9996286157,0.9995540195,0.9994631826,0.9993595696,0.9992469805,0.9991179791,0.9989724263,0.998824368,0.9986189501,0.9984291895,0.998243941,0.9980908572
heart1 heart2 stroke1 stroke2,age3_lin age3_sp1 age3_sp2 gender R5EATA R5CANCRE R5DIABE R5HIBPE R5MEALSA R5MONEYA H5LVALONE R5LUNGE R5PUSHA R5WALKSA bmi3_lin bmi3_sp1 bmi3_sp2 smoking1 smoking2,2,52,0.9999787804,0.9999482039,0.9999112061,0.9998674948,0.9998189504,0.9997638186,0.999705683,0.9996254752,0.999550006,0.9994581447,0.9993534399,0.9992398507,0.9991095227,0.9989628015,0.9988135252,0.9986059599,0.9984143121,0.9982280626,0.9980746007
heart1 heart2 smoking1 smoking2,age3_lin age3_sp1 age3_sp2 gender R5EATA R5CANCRE R5DIABE R5HIBPE R5MEALSA R5MONEYA H5LVALONE R5LUNGE R5PUSHA R5WALKSA bmi3_lin bmi3_sp1 bmi3_sp2 stroke1 stroke2,2,53,0.9999666866,0.9999187409,0.999860706,0.9997920795,0.999715956,0.9996296188,0.9995386941,0.9994136233,0.9992962106,0.9991533654,0.9989909129,0.9988152486,0.9986141639,0.9983877696,0.9981570597,0.9978362712,0.997540313,0.9972536232,0.9970187899
heart1 heart2 bmi3_lin bmi3_sp1 bmi3_sp2,age3_lin age3_sp1 age3_sp2 gender R5EATA R5CANCRE R5DIABE R5HIBPE R5MEALSA R5MONEYA H5LVALONE R5LUNGE R5PUSHA R5WALKSA smoking1 smoking2 stroke1 stroke2,2,54,0.9999980434,0.9999952489,0.9999919014,0.9999879611,0.9999835927,0.9999786556,0.999973458,0.9999663256,0.9999596338,0.9999514936,0.9999422333,0.9999322254,0.9999207534,0.9999078444,0.9998947305,0.9998764463,0.9998594935,0.9998429984,0.9998294136
heart1 heart2 R5WALKSA,age3_lin age3_sp1 age3_sp2 gender R5EATA R5CANCRE R5DIABE R5HIBPE R5MEALSA R5MONEYA H5LVALONE R5LUNGE R5PUSHA bmi3_lin bmi3_sp1 bmi3_sp2 smoking1 smoking2 stroke1 stroke2,2,55,0.9999723832,0.9999326833,0.9998847636,0.9998282547,0.999765621,0.9996947229,0.9996203099,0.9995182699,0.9994226267,0.9993063991,0.9991741287,0.9990308152,0.9988669791,0.9986823804,0.9984942407,0.9982323713,0.9979912138,0.9977584989,0.9975675961
heart1 heart2 R5PUSHA,age3_lin age3_sp1 age3_sp2 gender R5EATA R5CANCRE R5DIABE R5HIBPE R5MEALSA R5MONEYA H5LVALONE R5LUNGE R5WALKSA bmi3_lin bmi3_sp1 bmi3_sp2 smoking1 smoking2 stroke1 stroke2,2,56,0.9999782599,0.9999469908,0.9999092065,0.9998646699,0.999815216,0.9997590727,0.9996999656,0.9996185609,0.9995420929,0.9994489052,0.9993426323,0.999227354,0.9990951139,0.9989463317,0.9987949667,0.9985842879,0.9983896831,0.9982009822,0.998045474
heart1 heart2 R5MONEYA,age3_lin age3_sp1 age3_sp2 gender R5EATA R5CANCRE R5DIABE R5HIBPE R5MEALSA H5LVALONE R5LUNGE R5PUSHA R5WALKSA bmi3_lin bmi3_sp1 bmi3_sp2 smoking1 smoking2 stroke1 stroke2,2,57,0.9999804886,0.9999524532,0.9999185586,0.9998785692,0.9998342335,0.9997839966,0.9997311736,0.9996584476,0.9995899638,0.9995065705,0.9994114871,0.9993082843,0.9991897273,0.9990559998,0.9989198266,0.9987301501,0.9985546798,0.9983842698,0.9982441053
heart1 heart2 R5MEALSA,age3_lin age3_sp1 age3_sp2 gender R5EATA R5CANCRE R5DIABE R5HIBPE R5MONEYA H5LVALONE R5LUNGE R5PUSHA R5WALKSA bmi3_lin bmi3_sp1 bmi3_sp2 smoking1 smoking2 stroke1 stroke2,2,58,0.9999774568,0.9999450246,0.9999058521,0.9998596384,0.9998084039,0.999750157,0.9996888662,0.9996044551,0.9995248582,0.999427984,0.9993174495,0.999197477,0.9990598601,0.9989048973,0.9987470924,0.9985271032,0.9983241664,0.9981268615,0.9979645164
heart1 heart2 R5LUNGE,age3_lin age3_sp1 age3_sp2 gender R5EATA R5CANCRE R5DIABE R5HIBPE R5MEALSA R5MONEYA H5LVALONE R5PUSHA R5WALKSA bmi3_lin bmi3_sp1 bmi3_sp2 smoking1 smoking2 stroke1 stroke2,2,59,0.999965081,0.9999150922,0.9998551325,0.9997846584,0.9997068916,0.9996187944,0.9995261334,0.9993985123,0.9992788637,0.9991333904,0.998968094,0.9987897003,0.9985850874,0.9983545422,0.9981196239,0.9977928855,0.9974921924,0.9972004695,0.9969608249
heart1 heart2 R5HIBPE,age3_lin age3_sp1 age3_sp2 gender R5EATA R5CANCRE R5DIABE R5MEALSA R5MONEYA H5LVALONE R5LUNGE R5PUSHA R5WALKSA bmi3_lin bmi3_sp1 bmi3_sp2 smoking1 smoking2 stroke1 stroke2,2,60,0.9999775056,0.999945131,0.9999059418,0.9998596154,0.9998081038,0.9997496515,0.9996880548,0.9996032886,0.9995235382,0.9994263306,0.9993155774,0.9991956338,0.9990581124,0.998903154,0.9987454345,0.9985261894,0.9983240788,0.9981284652,0.9979678224
heart1 heart2 H5LVALONE,age3_lin age3_sp1 age3_sp2 gender R5EATA R5CANCRE R5DIABE R5HIBPE R5MEALSA R5MONEYA R5LUNGE R5PUSHA R5WALKSA bmi3_lin bmi3_sp1 bmi3_sp2 smoking1 smoking2 stroke1 stroke2,2,61,0.999979604,0.9999502111,0.9999146151,0.9998725779,0.9998258862,0.9997728241,0.9997169077,0.9996398807,0.9995674321,0.9994791213,0.9993783609,0.9992690544,0.9991436996,0.9990024254,0.9988586558,0.998658416,0.9984734078,0.9982936719,0.9981457606
R5HIBPE stroke1 stroke2,age3_lin age3_sp1 age3_sp2 gender R5EATA R5CANCRE R5DIABE heart1 heart2 R5MEALSA R5MONEYA H5LVALONE R5LUNGE R5PUSHA R5WALKSA bmi3_lin bmi3_sp1 bmi3_sp2 smoking1 smoking2,2,62,0.9999780345,0.9999463899,0.9999080179,0.9998624386,0.9998115626,0.9997536734,0.9996926321,0.9996084476,0.999529119,0.9994323264,0.999322032,0.9992023907,0.9990651838,0.9989103396,0.998752961,0.9985346629,0.9983333476,0.9981377325,0.9979765819
R5HIBPE smoking1 smoking2,age3_lin age3_sp1 age3_sp2 gender R5EATA R5CANCRE R5DIABE heart1 heart2 R5MEALSA R5MONEYA H5LVALONE R5LUNGE R5PUSHA R5WALKSA bmi3_lin bmi3_sp1 bmi3_sp2 stroke1 stroke2,2,63,0.999965844,0.9999166855,0.9998570655,0.9997862249,0.9997072653,0.9996175542,0.9995230693,0.9993931021,0.9992709181,0.9991219074,0.998952406,0.9987691181,0.9985594394,0.998322805,0.9980818937,0.997747709,0.9974397209,0.9971413591,0.9968968873
R5HIBPE bmi3_lin bmi3_sp1 bmi3_sp2,age3_lin age3_sp1 age3_sp2 gender R5EATA R5CANCRE R5DIABE heart1 heart2 R5MEALSA R5MONEYA H5LVALONE R5LUNGE R5PUSHA R5WALKSA smoking1 smoking2 stroke1 stroke2,2,64,0.9999978728,0.9999948324,0.9999911817,0.9999868645,0.9999820549,0.9999766063,0.999970869,0.999962992,0.9999555889,0.9999465634,0.9999362955,0.9999251925,0.9999124701,0.9998981178,0.9998835439,0.9998632715,0.9998445006,0.9998262261,0.9998111673
R5HIBPE R5WALKSA,age3_lin age3_sp1 age3_sp2 gender R5EATA R5CANCRE R5DIABE heart1 heart2 R5MEALSA R5MONEYA H5LVALONE R5LUNGE R5PUSHA bmi3_lin bmi3_sp1 bmi3_sp2 smoking1 smoking2 stroke1 stroke2,2,65,0.9999702778,0.9999275546,0.9998758747,0.9998145699,0.9997462229,0.9996686379,0.9995871964,0.9994755062,0.9993706176,0.9992428366,0.9990974672,0.9989399622,0.998759952,0.9985565956,0.9983495986,0.9980622199,0.9977978302,0.9975425412,0.9973331032
R5HIBPE R5PUSHA,age3_lin age3_sp1 age3_sp2 gender R5EATA R5CANCRE R5DIABE heart1 heart2 R5MEALSA R5MONEYA H5LVALONE R5LUNGE R5WALKSA bmi3_lin bmi3_sp1 bmi3_sp2 smoking1 smoking2 stroke1 stroke2,2,66,0.9999773957,0.9999448745,0.9999054853,0.999858799,0.9998066892,0.9997474063,0.9996849858,0.9995990341,0.999518148,0.9994193469,0.9993066673,0.999184473,0.9990443949,0.9988864057,0.9987258378,0.9985029126,0.998297262,0.9980977606,0.9979333639
R5HIBPE R5MONEYA,age3_lin age3_sp1 age3_sp2 gender R5EATA R5CANCRE R5DIABE heart1 heart2 R5MEALSA H5LVALONE R5LUNGE R5PUSHA R5WALKSA bmi3_lin bmi3_sp1 bmi3_sp2 smoking1 smoking2 stroke1 stroke2,2,67,0.9999799962,0.9999512499,0.999916422,0.9998751148,0.9998290852,0.9997768282,0.9997218706,0.9996462175,0.9995748618,0.9994877884,0.9993885344,0.9992808245,0.9991571838,0.9990173811,0.9988751778,0.9986775912,0.9984950174,0.9983176992,0.9981718702
R5HIBPE R5MEALSA,age3_lin age3_sp1 age3_sp2 gender R5EATA R5CANCRE R5DIABE heart1 heart2 R5MONEYA H5LVALONE R5LUNGE R5PUSHA R5WALKSA bmi3_lin bmi3_sp1 bmi3_sp2 smoking1 smoking2 stroke1 stroke2,2,68,0.9999770771,0.9999440836,0.9999041358,0.9998567557,0.999803938,0.9997437729,0.999680445,0.9995932126,0.9995108433,0.9994103513,0.9992956847,0.9991712162,0.9990285047,0.9988673583,0.9987034444,0.998475502,0.9982653729,0.9980609806,0.9978927763
R5HIBPE R5LUNGE,age3_lin age3_sp1 age3_sp2 gender R5EATA R5CANCRE R5DIABE heart1 heart2 R5MEALSA R5MONEYA H5LVALONE R5PUSHA R5WALKSA bmi3_lin bmi3_sp1 bmi3_sp2 smoking1 smoking2 stroke1 stroke2,2,69,0.9999650333,0.9999149066,0.9998545227,0.9997831199,0.9997038957,0.9996139242,0.9995192701,0.9993889057,0.9992664139,0.9991169951,0.9989471805,0.9987638559,0.9985535779,0.998315954,0.9980741492,0.9977386256,0.9974301241,0.9971307646,0.9968847165
R5HIBPE H5LVALONE,age3_lin age3_sp1 age3_sp2 gender R5EATA R5CANCRE R5DIABE heart1 heart2 R5MEALSA R5MONEYA R5LUNGE R5PUSHA R5WALKSA bmi3_lin bmi3_sp1 bmi3_sp2 smoking1 smoking2 stroke1 stroke2,2,70,0.9999790085,0.9999487585,0.9999120532,0.9998684849,0.999819861,0.9997644945,0.9997061431,0.999625761,0.99955004,0.9994575406,0.9993520144,0.9992375534,0.999106351,0.9989581507,0.9988074933,0.9985981474,0.9984049369,0.9982171871,0.9980626904
R5MEALSA stroke1 stroke2,age3_lin age3_sp1 age3_sp2 gender R5EATA R5CANCRE R5DIABE heart1 heart2 R5HIBPE R5MONEYA H5LVALONE R5LUNGE R5PUSHA R5WALKSA bmi3_lin bmi3_sp1 bmi3_sp2 smoking1 smoking2,2,71,0.9999773172,0.9999446332,0.9999050735,0.9998581895,0.9998059978,0.9997465119,0.9996838691,0.9995974065,0.9995157695,0.9994162853,0.9993027148,0.999179243,0.9990375615,0.9988776823,0.9987150754,0.9984888731,0.9982801388,0.9980764004,0.9979082693
R5MEALSA smoking1 smoking2,age3_lin age3_sp1 age3_sp2 gender R5EATA R5CANCRE R5DIABE heart1 heart2 R5HIBPE R5MONEYA H5LVALONE R5LUNGE R5PUSHA R5WALKSA bmi3_lin bmi3_sp1 bmi3_sp2 stroke1 stroke2,2,72,0.9999626196,0.9999088436,0.9998437955,0.9997666692,0.9996809487,0.9995834344,0.9994808803,0.999339735,0.9992068178,0.9990450848,0.9988608834,0.9986613562,0.9984330968,0.9981756575,0.9979134771,0.997548777,0.9972125353,0.9968855541,0.9966173066
R5MEALSA bmi3_lin bmi3_sp1 bmi3_sp2,age3_lin age3_sp1 age3_sp2 gender R5EATA R5CANCRE R5DIABE heart1 heart2 R5HIBPE R5MONEYA H5LVALONE R5LUNGE R5PUSHA R5WALKSA smoking1 smoking2 stroke1 stroke2,2,73,0.9999980365,0.9999952319,0.9999918727,0.9999879092,0.9999835054,0.9999785123,0.9999732615,0.999966049,0.9999592575,0.999950989,0.9999415724,0.9999313748,0.9999196883,0.9999065145,0.9998931367,0.9998744847,0.9998572101,0.9998403324,0.9998264091
R5MEALSA R5WALKSA,age3_lin age3_sp1 age3_sp2 gender R5EATA R5CANCRE R5DIABE heart1 heart2 R5HIBPE R5MONEYA H5LVALONE R5LUNGE R5PUSHA bmi3_lin bmi3_sp1 bmi3_sp2 smoking1 smoking2 stroke1 stroke2,2,74,0.9999695388,0.9999257558,0.9998729315,0.9998104383,0.9997410014,0.9996620764,0.9995793456,0.9994658392,0.9993590283,0.9992291385,0.9990811052,0.9989203479,0.9987365473,0.9985289691,0.9983175387,0.9980231202,0.9977521259,0.9974894173,0.997273527
R5MEALSA R5PUSHA,age3_lin age3_sp1 age3_sp2 gender R5EATA R5CANCRE R5DIABE heart1 heart2 R5HIBPE R5MONEYA H5LVALONE R5LUNGE R5WALKSA bmi3_lin bmi3_sp1 bmi3_sp2 smoking1 smoking2 stroke1 stroke2,2,75,0.9999772325,0.9999444799,0.9999048995,0.9998580988,0.9998060131,0.999746655,0.9996842394,0.999598224,0.9995171145,0.9994181919,0.9993051857,0.9991823615,0.9990414606,0.9988826124,0.9987210818,0.9984961072,0.998288415,0.9980860634,0.9979190389
R5MEALSA R5MONEYA,age3_lin age3_sp1 age3_sp2 gender R5EATA R5CANCRE R5DIABE heart1 heart2 R5HIBPE H5LVALONE R5LUNGE R5PUSHA R5WALKSA bmi3_lin bmi3_sp1 bmi3_sp2 smoking1 smoking2 stroke1 stroke2,2,76,0.9999810134,0.9999537728,0.9999209109,0.9998820622,0.9998389342,0.9997899368,0.9997385368,0.9996677745,0.9996008472,0.9995193864,0.9994263799,0.9993252007,0.9992089661,0.9990776159,0.9989440224,0.998757762,0.9985855233,0.9984174863,0.9982791424
R5MEALSA R5LUNGE,age3_lin age3_sp1 age3_sp2 gender R5EATA R5CANCRE R5DIABE heart1 heart2 R5HIBPE R5MONEYA H5LVALONE R5PUSHA R5WALKSA bmi3_lin bmi3_sp1 bmi3_sp2 smoking1 smoking2 stroke1 stroke2,2,77,0.9999642718,0.999913069,0.9998515081,0.999778819,0.9996983606,0.9996068406,0.9995106578,0.9993781082,0.9992533386,0.9991013069,0.9989282244,0.9987409739,0.9985260764,0.9982832226,0.9980358883,0.997691762,0.9973751538,0.9970666906,0.9968128254
R5MEALSA H5LVALONE,age3_lin age3_sp1 age3_sp2 gender R5EATA R5CANCRE R5DIABE heart1 heart2 R5HIBPE R5MONEYA R5LUNGE R5PUSHA R5WALKSA bmi3_lin bmi3_sp1 bmi3_sp2 smoking1 smoking2 stroke1 stroke2,2,78,0.9999785477,0.9999476364,0.9999102035,0.9998658635,0.9998165089,0.9997602237,0.9997009788,0.9996193097,0.9995422294,0.9994482035,0.9993407688,0.9992239994,0.9990900919,0.9989388795,0.9987850781,0.9985707971,0.9983729226,0.9981798434,0.9980206798
R5MONEYA stroke1 stroke2,age3_lin age3_sp1 age3_sp2 gender R5EATA R5CANCRE R5DIABE heart1 heart2 R5HIBPE R5MEALSA H5LVALONE R5LUNGE R5PUSHA R5WALKSA bmi3_lin bmi3_sp1 bmi3_sp2 smoking1 smoking2,2,79,0.999980933,0.9999535076,0.9999202829,0.9998808947,0.9998370573,0.9997872597,0.999734859,0.9996625579,0.9995943612,0.9995112145,0.9994163844,0.9993133024,0.9991948597,0.9990610379,0.9989249214,0.9987357017,0.9985606173,0.9983899888,0.99824927
R5MONEYA smoking1 smoking2,age3_lin age3_sp1 age3_sp2 gender R5EATA R5CANCRE R5DIABE heart1 heart2 R5HIBPE R5MEALSA H5LVALONE R5LUNGE R5PUSHA R5WALKSA bmi3_lin bmi3_sp1 bmi3_sp2 stroke1 stroke2,2,80,0.9999701373,0.9999272109,0.999875194,0.9998134937,0.9997448963,0.9996670653,0.9995852475,0.9994726388,0.9993666561,0.999237495,0.999090465,0.998931157,0.998748572,0.9985422957,0.9983321657,0.9980401006,0.9977701175,0.9975078179,0.9972927052
R5MONEYA bmi3_lin bmi3_sp1 bmi3_sp2,age3_lin age3_sp1 age3_sp2 gender R5EATA R5CANCRE R5DIABE heart1 heart2 R5HIBPE R5MEALSA H5LVALONE R5LUNGE R5PUSHA R5WALKSA smoking1 smoking2 stroke1 stroke2,2,81,0.9999983512,0.9999959988,0.9999931794,0.9999898513,0.9999861535,0.9999819749,0.9999775853,0.9999715611,0.9999658985,0.9999590067,0.9999511646,0.9999426723,0.9999329267,0.9999219234,0.9999107491,0.9998951802,0.9998807162,0.9998666029,0.999854968
R5MONEYA R5WALKSA,age3_lin age3_sp1 age3_sp2 gender R5EATA R5CANCRE R5DIABE heart1 heart2 R5HIBPE R5MEALSA H5LVALONE R5LUNGE R5PUSHA bmi3_lin bmi3_sp1 bmi3_sp2 smoking1 smoking2 stroke1 stroke2,2,82,0.9999751777,0.9999395431,0.999896471,0.9998454783,0.9997888073,0.9997245898,0.9996573048,0.9995649741,0.9994782143,0.9993726276,0.9992523998,0.9991218633,0.9989723842,0.9988033327,0.9986311596,0.9983916001,0.9981704701,0.9979563508,0.9977804488
R5MONEYA R5PUSHA,age3_lin age3_sp1 age3_sp2 gender R5EATA R5CANCRE R5DIABE heart1 heart2 R5HIBPE R5MEALSA H5LVALONE R5LUNGE R5WALKSA bmi3_lin bmi3_sp1 bmi3_sp2 smoking1 smoking2 stroke1 stroke2,2,83,0.9999803322,0.9999520795,0.9999178897,0.9998774279,0.9998323917,0.999781234,0.9997274691,0.9996533844,0.9995835775,0.9994983805,0.9994011454,0.999295479,0.9991740993,0.9990370513,0.9988976758,0.9987037417,0.9985242249,0.9983495771,0.9982055028
R5MONEYA R5LUNGE,age3_lin age3_sp1 age3_sp2 gender R5EATA R5CANCRE R5DIABE heart1 heart2 R5HIBPE R5MEALSA H5LVALONE R5PUSHA R5WALKSA bmi3_lin bmi3_sp1 bmi3_sp2 smoking1 smoking2 stroke1 stroke2,2,84,0.9999686287,0.9999237299,0.9998696917,0.9998059069,0.9997353179,0.9996552897,0.9995712664,0.9994555172,0.9993466927,0.9992140791,0.9990632092,0.9988999951,0.9987124583,0.9985003044,0.9982842978,0.9979839631,0.9977069015,0.9974373119,0.9972155002
R5MONEYA H5LVALONE,age3_lin age3_sp1 age3_sp2 gender R5EATA R5CANCRE R5DIABE heart1 heart2 R5HIBPE R5MEALSA R5LUNGE R5PUSHA R5WALKSA bmi3_lin bmi3_sp1 bmi3_sp2 smoking1 smoking2 stroke1 stroke2,2,85,0.9999819812,0.9999560542,0.9999246255,0.9998873904,0.9998459514,0.9997988463,0.9997493029,0.9996810344,0.9996166747,0.9995381306,0.9994484604,0.9993510115,0.9992391126,0.9991125906,0.9989839224,0.9988047852,0.9986389307,0.9984773317,0.9983442123
H5LVALONE stroke1 stroke2,age3_lin age3_sp1 age3_sp2 gender R5EATA R5CANCRE R5DIABE heart1 heart2 R5HIBPE R5MEALSA R5MONEYA R5LUNGE R5PUSHA R5WALKSA bmi3_lin bmi3_sp1 bmi3_sp2 smoking1 smoking2,2,86,0.9999799187,0.9999509541,0.9999158157,0.999874127,0.9998276629,0.9997747234,0.9997189029,0.9996418566,0.9995692834,0.9994807228,0.9993796393,0.9992698252,0.9991438423,0.9990016499,0.9988571288,0.9986562351,0.9984705788,0.9982895758,0.998140218
H5LVALONE smoking1 smoking2,age3_lin age3_sp1 age3_sp2 gender R5EATA R5CANCRE R5DIABE heart1 heart2 R5HIBPE R5MEALSA R5MONEYA R5LUNGE R5PUSHA R5WALKSA bmi3_lin bmi3_sp1 bmi3_sp2 stroke1 stroke2,2,87,0.9999680773,0.999922077,0.9998662783,0.9998000673,0.9997263937,0.9996425949,0.9995543126,0.9994328124,0.999318687,0.9991795389,0.9990210591,0.9988494868,0.9986531778,0.998431657,0.9982061681,0.9978927707,0.9976033857,0.9973222148,0.997091577
H5LVALONE bmi3_lin bmi3_sp1 bmi3_sp2,age3_lin age3_sp1 age3_sp2 gender R5EATA R5CANCRE R5DIABE heart1 heart2 R5HIBPE R5MEALSA R5MONEYA R5LUNGE R5PUSHA R5WALKSA smoking1 smoking2 stroke1 stroke2,2,88,0.9999981745,0.9999955638,0.9999924298,0.9999887274,0.9999846083,0.9999799391,0.9999750221,0.9999682692,0.9999619265,0.9999541962,0.9999453926,0.9999358648,0.9999249467,0.9999126328,0.9999001348,0.9998827227,0.9998665714,0.9998508063,0.9998378011
H5LVALONE R5WALKSA,age3_lin age3_sp1 age3_sp2 gender R5EATA R5CANCRE R5DIABE heart1 heart2 R5HIBPE R5MEALSA R5MONEYA R5LUNGE R5PUSHA bmi3_lin bmi3_sp1 bmi3_sp2 smoking1 smoking2 stroke1 stroke2,2,89,0.9999735611,0.9999355022,0.9998894393,0.9998348641,0.9997741181,0.9997050799,0.9996325961,0.9995330943,0.9994396921,0.9993258955,0.9991962078,0.9990554632,0.9988945425,0.9987127267,0.9985276769,0.9982702472,0.9980329329,0.9978030244,0.9976140511
H5LVALONE R5PUSHA,age3_lin age3_sp1 age3_sp2 gender R5EATA R5CANCRE R5DIABE heart1 heart2 R5HIBPE R5MEALSA R5MONEYA R5LUNGE R5WALKSA bmi3_lin bmi3_sp1 bmi3_sp2 smoking1 smoking2 stroke1 stroke2,2,90,0.9999795051,0.9999499815,0.9999142105,0.9998718536,0.9998246489,0.9997708771,0.9997142514,0.9996362034,0.9995627801,0.9994730895,0.9993706471,0.9992593899,0.9991317836,0.9989878343,0.9988415319,0.9986379605,0.9984497441,0.9982665394,0.9981153208
H5LVALONE R5LUNGE,age3_lin age3_sp1 age3_sp2 gender R5EATA R5CANCRE R5DIABE heart1 heart2 R5HIBPE R5MEALSA R5MONEYA R5PUSHA R5WALKSA bmi3_lin bmi3_sp1 bmi3_sp2 smoking1 smoking2 stroke1 stroke2,2,91,0.9999679427,0.9999219334,0.9998664842,0.9998009736,0.9997283755,0.9996458321,0.9995589795,0.9994392743,0.999326862,0.9991897094,0.9990335774,0.9988647889,0.9986711088,0.9984521796,0.998229366,0.9979196236,0.9976342391,0.997356422,0.9971277495
R5LUNGE stroke1 stroke2,age3_lin age3_sp1 age3_sp2 gender R5EATA R5CANCRE R5DIABE heart1 heart2 R5HIBPE R5MEALSA R5MONEYA H5LVALONE R5PUSHA R5WALKSA bmi3_lin bmi3_sp1 bmi3_sp2 smoking1 smoking2,2,92,0.9999659671,0.9999171499,0.9998583732,0.9997888954,0.999711922,0.9996244856,0.9995324628,0.9994055158,0.9992863063,0.9991410134,0.998975798,0.9987971634,0.9985920741,0.9983605952,0.9981251353,0.997798264,0.997497318,0.9972043703,0.9969629963
R5LUNGE smoking1 smoking2,age3_lin age3_sp1 age3_sp2 gender R5EATA R5CANCRE R5DIABE heart1 heart2 R5HIBPE R5MEALSA R5MONEYA H5LVALONE R5PUSHA R5WALKSA bmi3_lin bmi3_sp1 bmi3_sp2 stroke1 stroke2,2,93,0.9999465478,0.9998699459,0.9997777556,0.9996687455,0.9995481247,0.9994113291,0.9992674924,0.9990696077,0.9988843176,0.9986588199,0.9984030137,0.9981273894,0.9978119263,0.997455868,0.9970928532,0.9965891227,0.9961257309,0.9956762439,0.9953082351
R5LUNGE bmi3_lin bmi3_sp1 bmi3_sp2,age3_lin age3_sp1 age3_sp2 gender R5EATA R5CANCRE R5DIABE heart1 heart2 R5HIBPE R5MEALSA R5MONEYA H5LVALONE R5PUSHA R5WALKSA smoking1 smoking2 stroke1 stroke2,2,94,0.999997099,0.9999929706,0.9999880472,0.9999822562,0.9999758547,0.9999686195,0.9999610126,0.9999505687,0.9999407829,0.9999288706,0.9999153463,0.9999007804,0.9998840746,0.9998652156,0.9998460489,0.9998193801,0.9997947339,0.9997707062,0.9997509112
R5LUNGE R5WALKSA,age3_lin age3_sp1 age3_sp2 gender R5EATA R5CANCRE R5DIABE heart1 heart2 R5HIBPE R5MEALSA R5MONEYA H5LVALONE R5PUSHA bmi3_lin bmi3_sp1 bmi3_sp2 smoking1 smoking2 stroke1 stroke2,2,95,0.9999539107,0.9998879341,0.9998086892,0.9997151474,0.9996117165,0.999494543,0.9993718103,0.9992034752,0.9990459705,0.9988543505,0.9986368377,0.9984020072,0.9981333313,0.9978295468,0.997520003,0.9970900354,0.9966950616,0.9963132329,0.9959999592
R5LUNGE R5PUSHA,age3_lin age3_sp1 age3_sp2 gender R5EATA R5CANCRE R5DIABE heart1 heart2 R5HIBPE R5MEALSA R5MONEYA H5LVALONE R5WALKSA bmi3_lin bmi3_sp1 bmi3_sp2 smoking1 smoking2 stroke1 stroke2,2,96,0.99996478,0.9999143169,0.999853652,0.9997820884,0.9997028052,0.9996127487,0.9995180869,0.9993876467,0.9992653194,0.999116135,0.9989463387,0.9987628676,0.9985523114,0.9983147051,0.9980729888,0.9977372051,0.9974278473,0.9971271842,0.9968793734
R5PUSHA stroke1 stroke2,age3_lin age3_sp1 age3_sp2 gender R5EATA R5CANCRE R5DIABE heart1 heart2 R5HIBPE R5MEALSA R5MONEYA H5LVALONE R5LUNGE R5WALKSA bmi3_lin bmi3_sp1 bmi3_sp2 smoking1 smoking2,2,97,0.9999779957,0.9999463032,0.9999079229,0.9998624507,0.9998117682,0.9997540668,0.9996932702,0.9996093536,0.9995303699,0.9994339849,0.9993239947,0.9992045006,0.9990673451,0.998912737,0.9987555963,0.9985372998,0.9983356229,0.9981392681,0.9979769993
R5PUSHA smoking1 smoking2,age3_lin age3_sp1 age3_sp2 gender R5EATA R5CANCRE R5DIABE heart1 heart2 R5HIBPE R5MEALSA R5MONEYA H5LVALONE R5LUNGE R5WALKSA bmi3_lin bmi3_sp1 bmi3_sp2 stroke1 stroke2,2,98,0.9999659695,0.999917018,0.999857738,0.9997874803,0.9997092941,0.999620425,0.999526911,0.9993982077,0.9992773862,0.9991300873,0.998962351,0.9987807581,0.9985729039,0.9983386512,0.9981001897,0.9977689731,0.9974632527,0.9971666575,0.9969230072
R5PUSHA bmi3_lin bmi3_sp1 bmi3_sp2,age3_lin age3_sp1 age3_sp2 gender R5EATA R5CANCRE R5DIABE heart1 heart2 R5HIBPE R5MEALSA R5MONEYA H5LVALONE R5LUNGE R5WALKSA smoking1 smoking2 stroke1 stroke2,2,99,0.9999982061,0.9999956448,0.9999925765,0.999988957,0.9999849301,0.9999803695,0.9999755715,0.9999689845,0.999962804,0.9999552708,0.9999466931,0.9999374114,0.999926772,0.9999147897,0.9999026299,0.9998856973,0.999869993,0.9998546847,0.9998420348
R5PUSHA R5WALKSA,age3_lin age3_sp1 age3_sp2 gender R5EATA R5CANCRE R5DIABE heart1 heart2 R5HIBPE R5MEALSA R5MONEYA H5LVALONE R5LUNGE bmi3_lin bmi3_sp1 bmi3_sp2 smoking1 smoking2 stroke1 stroke2,2,100,0.9999703117,0.9999276872,0.9998762662,0.99981547,0.9997478257,0.9996710804,0.9995906357,0.999480394,0.9993771821,0.9992515569,0.9991084973,0.9989533459,0.9987759717,0.998576,0.998372635,0.9980899903,0.9978295468,0.9975779884,0.9973709386
R5WALKSA stroke1 stroke2,age3_lin age3_sp1 age3_sp2 gender R5EATA R5CANCRE R5DIABE heart1 heart2 R5HIBPE R5MEALSA R5MONEYA H5LVALONE R5LUNGE R5PUSHA bmi3_lin bmi3_sp1 bmi3_sp2 smoking1 smoking2,2,101,0.9999722263,0.9999322488,0.9998838928,0.9998265705,0.9997627677,0.9996903143,0.9996142,0.9995095793,0.9994113487,0.999291809,0.9991557102,0.9990079738,0.9988389409,0.9986481036,0.9984538668,0.9981841222,0.9979356658,0.9976949088,0.9974967515
R5WALKSA smoking1 smoking2,age3_lin age3_sp1 age3_sp2 gender R5EATA R5CANCRE R5DIABE heart1 heart2 R5HIBPE R5MEALSA R5MONEYA H5LVALONE R5LUNGE R5PUSHA bmi3_lin bmi3_sp1 bmi3_sp2 stroke1 stroke2,2,102,0.9999544933,0.9998890791,0.9998099654,0.9997161243,0.9996118537,0.9994936518,0.9993696608,0.9991997589,0.9990406947,0.9988472625,0.9986276437,0.9983901762,0.9981193791,0.9978137228,0.9975021863,0.9970696242,0.9966715961,0.9962873766,0.995973232
R5WALKSA bmi3_lin bmi3_sp1 bmi3_sp2,age3_lin age3_sp1 age3_sp2 gender R5EATA R5CANCRE R5DIABE heart1 heart2 R5HIBPE R5MEALSA R5MONEYA H5LVALONE R5LUNGE R5PUSHA smoking1 smoking2 stroke1 stroke2,2,103,0.9999973353,0.9999935294,0.9999889679,0.9999835811,0.9999775929,0.9999708191,0.9999637076,0.9999539706,0.9999448503,0.9999337588,0.9999211528,0.9999075122,0.9998919182,0.9998743173,0.9998564334,0.9998315508,0.9998085494,0.9997862301,0.9997678697
bmi3_lin bmi3_sp1 bmi3_sp2 stroke1 stroke2,age3_lin age3_sp1 age3_sp2 gender R5EATA R5CANCRE R5DIABE heart1 heart2 R5HIBPE R5MEALSA R5MONEYA H5LVALONE R5LUNGE R5PUSHA R5WALKSA smoking1 smoking2,2,104,0.9999981192,0.9999954298,0.9999922035,0.9999883904,0.9999841486,0.9999793434,0.9999742813,0.9999673219,0.9999607844,0.9999528252,0.9999437703,0.9999339688,0.999922732,0.9999100695,0.9998972177,0.9998793433,0.9998627741,0.9998465953,0.9998332304
bmi3_lin bmi3_sp1 bmi3_sp2 smoking1 smoking2,age3_lin age3_sp1 age3_sp2 gender R5EATA R5CANCRE R5DIABE heart1 heart2 R5HIBPE R5MEALSA R5MONEYA H5LVALONE R5LUNGE R5PUSHA R5WALKSA stroke1 stroke2,2,105,0.999997251,0.9999933258,0.9999886215,0.9999830581,0.9999768801,0.9999698974,0.9999625522,0.9999524832,0.9999430516,0.9999315807,0.9999185522,0.9999045007,0.9998884331,0.9998703275,0.9998519118,0.9998262929,0.9998025606,0.9997794731,0.9997605214
smoking1 smoking2 stroke1 stroke2,age3_lin age3_sp1 age3_sp2 gender R5EATA R5CANCRE R5DIABE heart1 heart2 R5HIBPE R5MEALSA R5MONEYA H5LVALONE R5LUNGE R5PUSHA R5WALKSA bmi3_lin bmi3_sp1 bmi3_sp2,2,106,0.9999663165,0.9999177882,0.999858961,0.9997891072,0.9997113532,0.9996229742,0.9995298332,0.9994014418,0.9992807508,0.9991337686,0.9989665365,0.9987854248,0.998578067,0.9983442351,0.9981061962,0.9977758509,0.9974710395,0.9971748341,0.9969315939
